implementation,specification,criterion,contextual_refinement,witness_client
g1-rnone-wnone,g1-rnone-wnone,1,1,
g1-rnone-wnone,g1-rnone-w0,0,0,L=0|D=none|S=0@0
g1-rnone-wnone,g1-rnone-w1,0,0,L=0|D=none|S=0@1
g1-rnone-wnone,g1-rnone-w2,0,0,L=0|D=none|S=0@2
g1-rnone-wnone,g1-r0-wnone,1,1,
g1-rnone-wnone,g1-r0-w0,0,0,L=0|D=0@0|S=0@0
g1-rnone-wnone,g1-r0-w1,0,0,L=0|D=0@0|S=0@1
g1-rnone-wnone,g1-r0-w2,0,0,L=0|D=0@0|S=0@2
g1-rnone-wnone,g1-r1-wnone,1,1,
g1-rnone-wnone,g1-r1-w0,0,0,L=0|D=0@1|S=0@0
g1-rnone-wnone,g1-r1-w1,0,0,L=0|D=0@1|S=0@1
g1-rnone-wnone,g1-r1-w2,0,0,L=0|D=0@1|S=0@2
g1-rnone-wnone,g1-r2-wnone,1,1,
g1-rnone-wnone,g1-r2-w0,0,0,L=0|D=0@2|S=0@0
g1-rnone-wnone,g1-r2-w1,0,0,L=0|D=0@2|S=0@1
g1-rnone-wnone,g1-r2-w2,0,0,L=0|D=0@2|S=0@2
g1-rnone-wnone,g2-rnone-wnone,1,1,
g1-rnone-wnone,g2-rnone-w0,0,0,L=0|D=none|S=0@0
g1-rnone-wnone,g2-rnone-w1,0,0,L=0|D=none|S=0@1
g1-rnone-wnone,g2-rnone-w2,0,0,L=0|D=none|S=0@2
g1-rnone-wnone,g2-rnone-w0-1,0,0,L=0|D=none|S=0@0
g1-rnone-wnone,g2-rnone-w1-2,0,0,L=0|D=none|S=0@1
g1-rnone-wnone,g2-r0-wnone,1,1,
g1-rnone-wnone,g2-r0-w0,0,0,L=0|D=0@0|S=0@0
g1-rnone-wnone,g2-r0-w1,0,0,L=0|D=0@0|S=0@1
g1-rnone-wnone,g2-r0-w2,0,0,L=0|D=0@0|S=0@2
g1-rnone-wnone,g2-r0-w0-1,0,0,L=0|D=0@0|S=0@0
g1-rnone-wnone,g2-r0-w1-2,0,0,L=0|D=0@0|S=0@1
g1-rnone-wnone,g2-r1-wnone,1,1,
g1-rnone-wnone,g2-r1-w0,0,0,L=0|D=0@1|S=0@0
g1-rnone-wnone,g2-r1-w1,0,0,L=0|D=0@1|S=0@1
g1-rnone-wnone,g2-r1-w2,0,0,L=0|D=0@1|S=0@2
g1-rnone-wnone,g2-r1-w0-1,0,0,L=0|D=0@1|S=0@0
g1-rnone-wnone,g2-r1-w1-2,0,0,L=0|D=0@1|S=0@1
g1-rnone-wnone,g2-r2-wnone,1,1,
g1-rnone-wnone,g2-r2-w0,0,0,L=0|D=0@2|S=0@0
g1-rnone-wnone,g2-r2-w1,0,0,L=0|D=0@2|S=0@1
g1-rnone-wnone,g2-r2-w2,0,0,L=0|D=0@2|S=0@2
g1-rnone-wnone,g2-r2-w0-1,0,0,L=0|D=0@2|S=0@0
g1-rnone-wnone,g2-r2-w1-2,0,0,L=0|D=0@2|S=0@1
g1-rnone-wnone,g2-r0-1-wnone,1,1,
g1-rnone-wnone,g2-r0-1-w0,0,0,L=0|D=0@0;0@1|S=0@0
g1-rnone-wnone,g2-r0-1-w1,0,0,L=0|D=0@0;0@1|S=0@1
g1-rnone-wnone,g2-r0-1-w2,0,0,L=0|D=0@0;0@1|S=0@2
g1-rnone-wnone,g2-r0-1-w0-1,0,0,L=0|D=0@0;0@1|S=0@0
g1-rnone-wnone,g2-r0-1-w1-2,0,0,L=0|D=0@0;0@1|S=0@1
g1-rnone-wnone,g2-r1-2-wnone,1,1,
g1-rnone-wnone,g2-r1-2-w0,0,0,L=0|D=0@1;0@2|S=0@0
g1-rnone-wnone,g2-r1-2-w1,0,0,L=0|D=0@1;0@2|S=0@1
g1-rnone-wnone,g2-r1-2-w2,0,0,L=0|D=0@1;0@2|S=0@2
g1-rnone-wnone,g2-r1-2-w0-1,0,0,L=0|D=0@1;0@2|S=0@0
g1-rnone-wnone,g2-r1-2-w1-2,0,0,L=0|D=0@1;0@2|S=0@1
g1-rnone-w0,g1-rnone-wnone,1,1,
g1-rnone-w0,g1-rnone-w0,1,1,
g1-rnone-w0,g1-rnone-w1,0,0,L=0|D=none|S=0@1
g1-rnone-w0,g1-rnone-w2,0,0,L=0|D=none|S=0@2
g1-rnone-w0,g1-r0-wnone,1,1,
g1-rnone-w0,g1-r0-w0,1,1,
g1-rnone-w0,g1-r0-w1,0,0,L=0|D=0@0|S=0@1
g1-rnone-w0,g1-r0-w2,0,0,L=0|D=0@0|S=0@2
g1-rnone-w0,g1-r1-wnone,1,1,
g1-rnone-w0,g1-r1-w0,1,1,
g1-rnone-w0,g1-r1-w1,0,0,L=0|D=0@1|S=0@1
g1-rnone-w0,g1-r1-w2,0,0,L=0|D=0@1|S=0@2
g1-rnone-w0,g1-r2-wnone,1,1,
g1-rnone-w0,g1-r2-w0,1,1,
g1-rnone-w0,g1-r2-w1,0,0,L=0|D=0@2|S=0@1
g1-rnone-w0,g1-r2-w2,0,0,L=0|D=0@2|S=0@2
g1-rnone-w0,g2-rnone-wnone,1,1,
g1-rnone-w0,g2-rnone-w0,1,1,
g1-rnone-w0,g2-rnone-w1,0,0,L=0|D=none|S=0@1
g1-rnone-w0,g2-rnone-w2,0,0,L=0|D=none|S=0@2
g1-rnone-w0,g2-rnone-w0-1,0,0,L=0|D=none|S=0@1
g1-rnone-w0,g2-rnone-w1-2,0,0,L=0|D=none|S=0@1
g1-rnone-w0,g2-r0-wnone,1,1,
g1-rnone-w0,g2-r0-w0,1,1,
g1-rnone-w0,g2-r0-w1,0,0,L=0|D=0@0|S=0@1
g1-rnone-w0,g2-r0-w2,0,0,L=0|D=0@0|S=0@2
g1-rnone-w0,g2-r0-w0-1,0,0,L=0|D=0@0|S=0@1
g1-rnone-w0,g2-r0-w1-2,0,0,L=0|D=0@0|S=0@1
g1-rnone-w0,g2-r1-wnone,1,1,
g1-rnone-w0,g2-r1-w0,1,1,
g1-rnone-w0,g2-r1-w1,0,0,L=0|D=0@1|S=0@1
g1-rnone-w0,g2-r1-w2,0,0,L=0|D=0@1|S=0@2
g1-rnone-w0,g2-r1-w0-1,0,0,L=0|D=0@1|S=0@1
g1-rnone-w0,g2-r1-w1-2,0,0,L=0|D=0@1|S=0@1
g1-rnone-w0,g2-r2-wnone,1,1,
g1-rnone-w0,g2-r2-w0,1,1,
g1-rnone-w0,g2-r2-w1,0,0,L=0|D=0@2|S=0@1
g1-rnone-w0,g2-r2-w2,0,0,L=0|D=0@2|S=0@2
g1-rnone-w0,g2-r2-w0-1,0,0,L=0|D=0@2|S=0@1
g1-rnone-w0,g2-r2-w1-2,0,0,L=0|D=0@2|S=0@1
g1-rnone-w0,g2-r0-1-wnone,1,1,
g1-rnone-w0,g2-r0-1-w0,1,1,
g1-rnone-w0,g2-r0-1-w1,0,0,L=0|D=0@0;0@1|S=0@1
g1-rnone-w0,g2-r0-1-w2,0,0,L=0|D=0@0;0@1|S=0@2
g1-rnone-w0,g2-r0-1-w0-1,0,0,L=0|D=0@0;0@1|S=0@1
g1-rnone-w0,g2-r0-1-w1-2,0,0,L=0|D=0@0;0@1|S=0@1
g1-rnone-w0,g2-r1-2-wnone,1,1,
g1-rnone-w0,g2-r1-2-w0,1,1,
g1-rnone-w0,g2-r1-2-w1,0,0,L=0|D=0@1;0@2|S=0@1
g1-rnone-w0,g2-r1-2-w2,0,0,L=0|D=0@1;0@2|S=0@2
g1-rnone-w0,g2-r1-2-w0-1,0,0,L=0|D=0@1;0@2|S=0@1
g1-rnone-w0,g2-r1-2-w1-2,0,0,L=0|D=0@1;0@2|S=0@1
g1-rnone-w1,g1-rnone-wnone,1,1,
g1-rnone-w1,g1-rnone-w0,0,0,L=0|D=none|S=0@0
g1-rnone-w1,g1-rnone-w1,1,1,
g1-rnone-w1,g1-rnone-w2,0,0,L=0|D=none|S=0@2
g1-rnone-w1,g1-r0-wnone,1,1,
g1-rnone-w1,g1-r0-w0,0,0,L=0|D=0@0|S=0@0
g1-rnone-w1,g1-r0-w1,1,1,
g1-rnone-w1,g1-r0-w2,0,0,L=0|D=0@0|S=0@2
g1-rnone-w1,g1-r1-wnone,1,1,
g1-rnone-w1,g1-r1-w0,0,0,L=0|D=0@1|S=0@0
g1-rnone-w1,g1-r1-w1,1,1,
g1-rnone-w1,g1-r1-w2,0,0,L=0|D=0@1|S=0@2
g1-rnone-w1,g1-r2-wnone,1,1,
g1-rnone-w1,g1-r2-w0,0,0,L=0|D=0@2|S=0@0
g1-rnone-w1,g1-r2-w1,1,1,
g1-rnone-w1,g1-r2-w2,0,0,L=0|D=0@2|S=0@2
g1-rnone-w1,g2-rnone-wnone,1,1,
g1-rnone-w1,g2-rnone-w0,0,0,L=0|D=none|S=0@0
g1-rnone-w1,g2-rnone-w1,1,1,
g1-rnone-w1,g2-rnone-w2,0,0,L=0|D=none|S=0@2
g1-rnone-w1,g2-rnone-w0-1,0,0,L=0|D=none|S=0@0
g1-rnone-w1,g2-rnone-w1-2,0,0,L=0|D=none|S=0@2
g1-rnone-w1,g2-r0-wnone,1,1,
g1-rnone-w1,g2-r0-w0,0,0,L=0|D=0@0|S=0@0
g1-rnone-w1,g2-r0-w1,1,1,
g1-rnone-w1,g2-r0-w2,0,0,L=0|D=0@0|S=0@2
g1-rnone-w1,g2-r0-w0-1,0,0,L=0|D=0@0|S=0@0
g1-rnone-w1,g2-r0-w1-2,0,0,L=0|D=0@0|S=0@2
g1-rnone-w1,g2-r1-wnone,1,1,
g1-rnone-w1,g2-r1-w0,0,0,L=0|D=0@1|S=0@0
g1-rnone-w1,g2-r1-w1,1,1,
g1-rnone-w1,g2-r1-w2,0,0,L=0|D=0@1|S=0@2
g1-rnone-w1,g2-r1-w0-1,0,0,L=0|D=0@1|S=0@0
g1-rnone-w1,g2-r1-w1-2,0,0,L=0|D=0@1|S=0@2
g1-rnone-w1,g2-r2-wnone,1,1,
g1-rnone-w1,g2-r2-w0,0,0,L=0|D=0@2|S=0@0
g1-rnone-w1,g2-r2-w1,1,1,
g1-rnone-w1,g2-r2-w2,0,0,L=0|D=0@2|S=0@2
g1-rnone-w1,g2-r2-w0-1,0,0,L=0|D=0@2|S=0@0
g1-rnone-w1,g2-r2-w1-2,0,0,L=0|D=0@2|S=0@2
g1-rnone-w1,g2-r0-1-wnone,1,1,
g1-rnone-w1,g2-r0-1-w0,0,0,L=0|D=0@0;0@1|S=0@0
g1-rnone-w1,g2-r0-1-w1,1,1,
g1-rnone-w1,g2-r0-1-w2,0,0,L=0|D=0@0;0@1|S=0@2
g1-rnone-w1,g2-r0-1-w0-1,0,0,L=0|D=0@0;0@1|S=0@0
g1-rnone-w1,g2-r0-1-w1-2,0,0,L=0|D=0@0;0@1|S=0@2
g1-rnone-w1,g2-r1-2-wnone,1,1,
g1-rnone-w1,g2-r1-2-w0,0,0,L=0|D=0@1;0@2|S=0@0
g1-rnone-w1,g2-r1-2-w1,1,1,
g1-rnone-w1,g2-r1-2-w2,0,0,L=0|D=0@1;0@2|S=0@2
g1-rnone-w1,g2-r1-2-w0-1,0,0,L=0|D=0@1;0@2|S=0@0
g1-rnone-w1,g2-r1-2-w1-2,0,0,L=0|D=0@1;0@2|S=0@2
g1-rnone-w2,g1-rnone-wnone,1,1,
g1-rnone-w2,g1-rnone-w0,0,0,L=0|D=none|S=0@0
g1-rnone-w2,g1-rnone-w1,0,0,L=0|D=none|S=0@1
g1-rnone-w2,g1-rnone-w2,1,1,
g1-rnone-w2,g1-r0-wnone,1,1,
g1-rnone-w2,g1-r0-w0,0,0,L=0|D=0@0|S=0@0
g1-rnone-w2,g1-r0-w1,0,0,L=0|D=0@0|S=0@1
g1-rnone-w2,g1-r0-w2,1,1,
g1-rnone-w2,g1-r1-wnone,1,1,
g1-rnone-w2,g1-r1-w0,0,0,L=0|D=0@1|S=0@0
g1-rnone-w2,g1-r1-w1,0,0,L=0|D=0@1|S=0@1
g1-rnone-w2,g1-r1-w2,1,1,
g1-rnone-w2,g1-r2-wnone,1,1,
g1-rnone-w2,g1-r2-w0,0,0,L=0|D=0@2|S=0@0
g1-rnone-w2,g1-r2-w1,0,0,L=0|D=0@2|S=0@1
g1-rnone-w2,g1-r2-w2,1,1,
g1-rnone-w2,g2-rnone-wnone,1,1,
g1-rnone-w2,g2-rnone-w0,0,0,L=0|D=none|S=0@0
g1-rnone-w2,g2-rnone-w1,0,0,L=0|D=none|S=0@1
g1-rnone-w2,g2-rnone-w2,1,1,
g1-rnone-w2,g2-rnone-w0-1,0,0,L=0|D=none|S=0@0
g1-rnone-w2,g2-rnone-w1-2,0,0,L=0|D=none|S=0@1
g1-rnone-w2,g2-r0-wnone,1,1,
g1-rnone-w2,g2-r0-w0,0,0,L=0|D=0@0|S=0@0
g1-rnone-w2,g2-r0-w1,0,0,L=0|D=0@0|S=0@1
g1-rnone-w2,g2-r0-w2,1,1,
g1-rnone-w2,g2-r0-w0-1,0,0,L=0|D=0@0|S=0@0
g1-rnone-w2,g2-r0-w1-2,0,0,L=0|D=0@0|S=0@1
g1-rnone-w2,g2-r1-wnone,1,1,
g1-rnone-w2,g2-r1-w0,0,0,L=0|D=0@1|S=0@0
g1-rnone-w2,g2-r1-w1,0,0,L=0|D=0@1|S=0@1
g1-rnone-w2,g2-r1-w2,1,1,
g1-rnone-w2,g2-r1-w0-1,0,0,L=0|D=0@1|S=0@0
g1-rnone-w2,g2-r1-w1-2,0,0,L=0|D=0@1|S=0@1
g1-rnone-w2,g2-r2-wnone,1,1,
g1-rnone-w2,g2-r2-w0,0,0,L=0|D=0@2|S=0@0
g1-rnone-w2,g2-r2-w1,0,0,L=0|D=0@2|S=0@1
g1-rnone-w2,g2-r2-w2,1,1,
g1-rnone-w2,g2-r2-w0-1,0,0,L=0|D=0@2|S=0@0
g1-rnone-w2,g2-r2-w1-2,0,0,L=0|D=0@2|S=0@1
g1-rnone-w2,g2-r0-1-wnone,1,1,
g1-rnone-w2,g2-r0-1-w0,0,0,L=0|D=0@0;0@1|S=0@0
g1-rnone-w2,g2-r0-1-w1,0,0,L=0|D=0@0;0@1|S=0@1
g1-rnone-w2,g2-r0-1-w2,1,1,
g1-rnone-w2,g2-r0-1-w0-1,0,0,L=0|D=0@0;0@1|S=0@0
g1-rnone-w2,g2-r0-1-w1-2,0,0,L=0|D=0@0;0@1|S=0@1
g1-rnone-w2,g2-r1-2-wnone,1,1,
g1-rnone-w2,g2-r1-2-w0,0,0,L=0|D=0@1;0@2|S=0@0
g1-rnone-w2,g2-r1-2-w1,0,0,L=0|D=0@1;0@2|S=0@1
g1-rnone-w2,g2-r1-2-w2,1,1,
g1-rnone-w2,g2-r1-2-w0-1,0,0,L=0|D=0@1;0@2|S=0@0
g1-rnone-w2,g2-r1-2-w1-2,0,0,L=0|D=0@1;0@2|S=0@1
g1-r0-wnone,g1-rnone-wnone,0,0,L=0|D=none|S=none
g1-r0-wnone,g1-rnone-w0,0,0,L=0|D=none|S=none
g1-r0-wnone,g1-rnone-w1,0,0,L=0|D=none|S=none
g1-r0-wnone,g1-rnone-w2,0,0,L=0|D=none|S=none
g1-r0-wnone,g1-r0-wnone,1,1,
g1-r0-wnone,g1-r0-w0,0,0,L=0|D=0@0|S=0@0
g1-r0-wnone,g1-r0-w1,0,0,L=0|D=0@0|S=0@1
g1-r0-wnone,g1-r0-w2,0,0,L=0|D=0@0|S=0@2
g1-r0-wnone,g1-r1-wnone,0,0,L=0|D=0@1|S=none
g1-r0-wnone,g1-r1-w0,0,0,L=0|D=0@1|S=none
g1-r0-wnone,g1-r1-w1,0,0,L=0|D=0@1|S=none
g1-r0-wnone,g1-r1-w2,0,0,L=0|D=0@1|S=none
g1-r0-wnone,g1-r2-wnone,0,0,L=0|D=0@2|S=none
g1-r0-wnone,g1-r2-w0,0,0,L=0|D=0@2|S=none
g1-r0-wnone,g1-r2-w1,0,0,L=0|D=0@2|S=none
g1-r0-wnone,g1-r2-w2,0,0,L=0|D=0@2|S=none
g1-r0-wnone,g2-rnone-wnone,0,0,L=0|D=none|S=none
g1-r0-wnone,g2-rnone-w0,0,0,L=0|D=none|S=none
g1-r0-wnone,g2-rnone-w1,0,0,L=0|D=none|S=none
g1-r0-wnone,g2-rnone-w2,0,0,L=0|D=none|S=none
g1-r0-wnone,g2-rnone-w0-1,0,0,L=0|D=none|S=none
g1-r0-wnone,g2-rnone-w1-2,0,0,L=0|D=none|S=none
g1-r0-wnone,g2-r0-wnone,1,1,
g1-r0-wnone,g2-r0-w0,0,0,L=0|D=0@0|S=0@0
g1-r0-wnone,g2-r0-w1,0,0,L=0|D=0@0|S=0@1
g1-r0-wnone,g2-r0-w2,0,0,L=0|D=0@0|S=0@2
g1-r0-wnone,g2-r0-w0-1,0,0,L=0|D=0@0|S=0@0
g1-r0-wnone,g2-r0-w1-2,0,0,L=0|D=0@0|S=0@1
g1-r0-wnone,g2-r1-wnone,0,0,L=0|D=0@1|S=none
g1-r0-wnone,g2-r1-w0,0,0,L=0|D=0@1|S=none
g1-r0-wnone,g2-r1-w1,0,0,L=0|D=0@1|S=none
g1-r0-wnone,g2-r1-w2,0,0,L=0|D=0@1|S=none
g1-r0-wnone,g2-r1-w0-1,0,0,L=0|D=0@1|S=none
g1-r0-wnone,g2-r1-w1-2,0,0,L=0|D=0@1|S=none
g1-r0-wnone,g2-r2-wnone,0,0,L=0|D=0@2|S=none
g1-r0-wnone,g2-r2-w0,0,0,L=0|D=0@2|S=none
g1-r0-wnone,g2-r2-w1,0,0,L=0|D=0@2|S=none
g1-r0-wnone,g2-r2-w2,0,0,L=0|D=0@2|S=none
g1-r0-wnone,g2-r2-w0-1,0,0,L=0|D=0@2|S=none
g1-r0-wnone,g2-r2-w1-2,0,0,L=0|D=0@2|S=none
g1-r0-wnone,g2-r0-1-wnone,1,1,
g1-r0-wnone,g2-r0-1-w0,0,0,L=0|D=0@0;0@1|S=0@0
g1-r0-wnone,g2-r0-1-w1,0,0,L=0|D=0@0;0@1|S=0@1
g1-r0-wnone,g2-r0-1-w2,0,0,L=0|D=0@0;0@1|S=0@2
g1-r0-wnone,g2-r0-1-w0-1,0,0,L=0|D=0@0;0@1|S=0@0
g1-r0-wnone,g2-r0-1-w1-2,0,0,L=0|D=0@0;0@1|S=0@1
g1-r0-wnone,g2-r1-2-wnone,0,0,L=0|D=0@1;0@2|S=none
g1-r0-wnone,g2-r1-2-w0,0,0,L=0|D=0@1;0@2|S=none
g1-r0-wnone,g2-r1-2-w1,0,0,L=0|D=0@1;0@2|S=none
g1-r0-wnone,g2-r1-2-w2,0,0,L=0|D=0@1;0@2|S=none
g1-r0-wnone,g2-r1-2-w0-1,0,0,L=0|D=0@1;0@2|S=none
g1-r0-wnone,g2-r1-2-w1-2,0,0,L=0|D=0@1;0@2|S=none
g1-r0-w0,g1-rnone-wnone,0,0,L=0|D=none|S=none
g1-r0-w0,g1-rnone-w0,0,0,L=0|D=none|S=none
g1-r0-w0,g1-rnone-w1,0,0,L=0|D=none|S=none
g1-r0-w0,g1-rnone-w2,0,0,L=0|D=none|S=none
g1-r0-w0,g1-r0-wnone,1,1,
g1-r0-w0,g1-r0-w0,1,1,
g1-r0-w0,g1-r0-w1,0,0,L=0|D=0@0|S=0@1
g1-r0-w0,g1-r0-w2,0,0,L=0|D=0@0|S=0@2
g1-r0-w0,g1-r1-wnone,0,0,L=0|D=0@1|S=none
g1-r0-w0,g1-r1-w0,0,0,L=0|D=0@1|S=none
g1-r0-w0,g1-r1-w1,0,0,L=0|D=0@1|S=none
g1-r0-w0,g1-r1-w2,0,0,L=0|D=0@1|S=none
g1-r0-w0,g1-r2-wnone,0,0,L=0|D=0@2|S=none
g1-r0-w0,g1-r2-w0,0,0,L=0|D=0@2|S=none
g1-r0-w0,g1-r2-w1,0,0,L=0|D=0@2|S=none
g1-r0-w0,g1-r2-w2,0,0,L=0|D=0@2|S=none
g1-r0-w0,g2-rnone-wnone,0,0,L=0|D=none|S=none
g1-r0-w0,g2-rnone-w0,0,0,L=0|D=none|S=none
g1-r0-w0,g2-rnone-w1,0,0,L=0|D=none|S=none
g1-r0-w0,g2-rnone-w2,0,0,L=0|D=none|S=none
g1-r0-w0,g2-rnone-w0-1,0,0,L=0|D=none|S=none
g1-r0-w0,g2-rnone-w1-2,0,0,L=0|D=none|S=none
g1-r0-w0,g2-r0-wnone,1,1,
g1-r0-w0,g2-r0-w0,1,1,
g1-r0-w0,g2-r0-w1,0,0,L=0|D=0@0|S=0@1
g1-r0-w0,g2-r0-w2,0,0,L=0|D=0@0|S=0@2
g1-r0-w0,g2-r0-w0-1,0,0,L=0|D=0@0|S=0@1
g1-r0-w0,g2-r0-w1-2,0,0,L=0|D=0@0|S=0@1
g1-r0-w0,g2-r1-wnone,0,0,L=0|D=0@1|S=none
g1-r0-w0,g2-r1-w0,0,0,L=0|D=0@1|S=none
g1-r0-w0,g2-r1-w1,0,0,L=0|D=0@1|S=none
g1-r0-w0,g2-r1-w2,0,0,L=0|D=0@1|S=none
g1-r0-w0,g2-r1-w0-1,0,0,L=0|D=0@1|S=none
g1-r0-w0,g2-r1-w1-2,0,0,L=0|D=0@1|S=none
g1-r0-w0,g2-r2-wnone,0,0,L=0|D=0@2|S=none
g1-r0-w0,g2-r2-w0,0,0,L=0|D=0@2|S=none
g1-r0-w0,g2-r2-w1,0,0,L=0|D=0@2|S=none
g1-r0-w0,g2-r2-w2,0,0,L=0|D=0@2|S=none
g1-r0-w0,g2-r2-w0-1,0,0,L=0|D=0@2|S=none
g1-r0-w0,g2-r2-w1-2,0,0,L=0|D=0@2|S=none
g1-r0-w0,g2-r0-1-wnone,1,1,
g1-r0-w0,g2-r0-1-w0,1,1,
g1-r0-w0,g2-r0-1-w1,0,0,L=0|D=0@0;0@1|S=0@1
g1-r0-w0,g2-r0-1-w2,0,0,L=0|D=0@0;0@1|S=0@2
g1-r0-w0,g2-r0-1-w0-1,0,0,L=0|D=0@0;0@1|S=0@1
g1-r0-w0,g2-r0-1-w1-2,0,0,L=0|D=0@0;0@1|S=0@1
g1-r0-w0,g2-r1-2-wnone,0,0,L=0|D=0@1;0@2|S=none
g1-r0-w0,g2-r1-2-w0,0,0,L=0|D=0@1;0@2|S=none
g1-r0-w0,g2-r1-2-w1,0,0,L=0|D=0@1;0@2|S=none
g1-r0-w0,g2-r1-2-w2,0,0,L=0|D=0@1;0@2|S=none
g1-r0-w0,g2-r1-2-w0-1,0,0,L=0|D=0@1;0@2|S=none
g1-r0-w0,g2-r1-2-w1-2,0,0,L=0|D=0@1;0@2|S=none
g1-r0-w1,g1-rnone-wnone,0,0,L=0|D=none|S=none
g1-r0-w1,g1-rnone-w0,0,0,L=0|D=none|S=none
g1-r0-w1,g1-rnone-w1,0,0,L=0|D=none|S=none
g1-r0-w1,g1-rnone-w2,0,0,L=0|D=none|S=none
g1-r0-w1,g1-r0-wnone,1,1,
g1-r0-w1,g1-r0-w0,0,0,L=0|D=0@0|S=0@0
g1-r0-w1,g1-r0-w1,1,1,
g1-r0-w1,g1-r0-w2,0,0,L=0|D=0@0|S=0@2
g1-r0-w1,g1-r1-wnone,0,0,L=0|D=0@1|S=none
g1-r0-w1,g1-r1-w0,0,0,L=0|D=0@1|S=none
g1-r0-w1,g1-r1-w1,0,0,L=0|D=0@1|S=none
g1-r0-w1,g1-r1-w2,0,0,L=0|D=0@1|S=none
g1-r0-w1,g1-r2-wnone,0,0,L=0|D=0@2|S=none
g1-r0-w1,g1-r2-w0,0,0,L=0|D=0@2|S=none
g1-r0-w1,g1-r2-w1,0,0,L=0|D=0@2|S=none
g1-r0-w1,g1-r2-w2,0,0,L=0|D=0@2|S=none
g1-r0-w1,g2-rnone-wnone,0,0,L=0|D=none|S=none
g1-r0-w1,g2-rnone-w0,0,0,L=0|D=none|S=none
g1-r0-w1,g2-rnone-w1,0,0,L=0|D=none|S=none
g1-r0-w1,g2-rnone-w2,0,0,L=0|D=none|S=none
g1-r0-w1,g2-rnone-w0-1,0,0,L=0|D=none|S=none
g1-r0-w1,g2-rnone-w1-2,0,0,L=0|D=none|S=none
g1-r0-w1,g2-r0-wnone,1,1,
g1-r0-w1,g2-r0-w0,0,0,L=0|D=0@0|S=0@0
g1-r0-w1,g2-r0-w1,1,1,
g1-r0-w1,g2-r0-w2,0,0,L=0|D=0@0|S=0@2
g1-r0-w1,g2-r0-w0-1,0,0,L=0|D=0@0|S=0@0
g1-r0-w1,g2-r0-w1-2,0,0,L=0|D=0@0|S=0@2
g1-r0-w1,g2-r1-wnone,0,0,L=0|D=0@1|S=none
g1-r0-w1,g2-r1-w0,0,0,L=0|D=0@1|S=none
g1-r0-w1,g2-r1-w1,0,0,L=0|D=0@1|S=none
g1-r0-w1,g2-r1-w2,0,0,L=0|D=0@1|S=none
g1-r0-w1,g2-r1-w0-1,0,0,L=0|D=0@1|S=none
g1-r0-w1,g2-r1-w1-2,0,0,L=0|D=0@1|S=none
g1-r0-w1,g2-r2-wnone,0,0,L=0|D=0@2|S=none
g1-r0-w1,g2-r2-w0,0,0,L=0|D=0@2|S=none
g1-r0-w1,g2-r2-w1,0,0,L=0|D=0@2|S=none
g1-r0-w1,g2-r2-w2,0,0,L=0|D=0@2|S=none
g1-r0-w1,g2-r2-w0-1,0,0,L=0|D=0@2|S=none
g1-r0-w1,g2-r2-w1-2,0,0,L=0|D=0@2|S=none
g1-r0-w1,g2-r0-1-wnone,1,1,
g1-r0-w1,g2-r0-1-w0,0,0,L=0|D=0@0;0@1|S=0@0
g1-r0-w1,g2-r0-1-w1,1,1,
g1-r0-w1,g2-r0-1-w2,0,0,L=0|D=0@0;0@1|S=0@2
g1-r0-w1,g2-r0-1-w0-1,0,0,L=0|D=0@0;0@1|S=0@0
g1-r0-w1,g2-r0-1-w1-2,0,0,L=0|D=0@0;0@1|S=0@2
g1-r0-w1,g2-r1-2-wnone,0,0,L=0|D=0@1;0@2|S=none
g1-r0-w1,g2-r1-2-w0,0,0,L=0|D=0@1;0@2|S=none
g1-r0-w1,g2-r1-2-w1,0,0,L=0|D=0@1;0@2|S=none
g1-r0-w1,g2-r1-2-w2,0,0,L=0|D=0@1;0@2|S=none
g1-r0-w1,g2-r1-2-w0-1,0,0,L=0|D=0@1;0@2|S=none
g1-r0-w1,g2-r1-2-w1-2,0,0,L=0|D=0@1;0@2|S=none
g1-r0-w2,g1-rnone-wnone,0,0,L=0|D=none|S=none
g1-r0-w2,g1-rnone-w0,0,0,L=0|D=none|S=none
g1-r0-w2,g1-rnone-w1,0,0,L=0|D=none|S=none
g1-r0-w2,g1-rnone-w2,0,0,L=0|D=none|S=none
g1-r0-w2,g1-r0-wnone,1,1,
g1-r0-w2,g1-r0-w0,0,0,L=0|D=0@0|S=0@0
g1-r0-w2,g1-r0-w1,0,0,L=0|D=0@0|S=0@1
g1-r0-w2,g1-r0-w2,1,1,
g1-r0-w2,g1-r1-wnone,0,0,L=0|D=0@1|S=none
g1-r0-w2,g1-r1-w0,0,0,L=0|D=0@1|S=none
g1-r0-w2,g1-r1-w1,0,0,L=0|D=0@1|S=none
g1-r0-w2,g1-r1-w2,0,0,L=0|D=0@1|S=none
g1-r0-w2,g1-r2-wnone,0,0,L=0|D=0@2|S=none
g1-r0-w2,g1-r2-w0,0,0,L=0|D=0@2|S=none
g1-r0-w2,g1-r2-w1,0,0,L=0|D=0@2|S=none
g1-r0-w2,g1-r2-w2,0,0,L=0|D=0@2|S=none
g1-r0-w2,g2-rnone-wnone,0,0,L=0|D=none|S=none
g1-r0-w2,g2-rnone-w0,0,0,L=0|D=none|S=none
g1-r0-w2,g2-rnone-w1,0,0,L=0|D=none|S=none
g1-r0-w2,g2-rnone-w2,0,0,L=0|D=none|S=none
g1-r0-w2,g2-rnone-w0-1,0,0,L=0|D=none|S=none
g1-r0-w2,g2-rnone-w1-2,0,0,L=0|D=none|S=none
g1-r0-w2,g2-r0-wnone,1,1,
g1-r0-w2,g2-r0-w0,0,0,L=0|D=0@0|S=0@0
g1-r0-w2,g2-r0-w1,0,0,L=0|D=0@0|S=0@1
g1-r0-w2,g2-r0-w2,1,1,
g1-r0-w2,g2-r0-w0-1,0,0,L=0|D=0@0|S=0@0
g1-r0-w2,g2-r0-w1-2,0,0,L=0|D=0@0|S=0@1
g1-r0-w2,g2-r1-wnone,0,0,L=0|D=0@1|S=none
g1-r0-w2,g2-r1-w0,0,0,L=0|D=0@1|S=none
g1-r0-w2,g2-r1-w1,0,0,L=0|D=0@1|S=none
g1-r0-w2,g2-r1-w2,0,0,L=0|D=0@1|S=none
g1-r0-w2,g2-r1-w0-1,0,0,L=0|D=0@1|S=none
g1-r0-w2,g2-r1-w1-2,0,0,L=0|D=0@1|S=none
g1-r0-w2,g2-r2-wnone,0,0,L=0|D=0@2|S=none
g1-r0-w2,g2-r2-w0,0,0,L=0|D=0@2|S=none
g1-r0-w2,g2-r2-w1,0,0,L=0|D=0@2|S=none
g1-r0-w2,g2-r2-w2,0,0,L=0|D=0@2|S=none
g1-r0-w2,g2-r2-w0-1,0,0,L=0|D=0@2|S=none
g1-r0-w2,g2-r2-w1-2,0,0,L=0|D=0@2|S=none
g1-r0-w2,g2-r0-1-wnone,1,1,
g1-r0-w2,g2-r0-1-w0,0,0,L=0|D=0@0;0@1|S=0@0
g1-r0-w2,g2-r0-1-w1,0,0,L=0|D=0@0;0@1|S=0@1
g1-r0-w2,g2-r0-1-w2,1,1,
g1-r0-w2,g2-r0-1-w0-1,0,0,L=0|D=0@0;0@1|S=0@0
g1-r0-w2,g2-r0-1-w1-2,0,0,L=0|D=0@0;0@1|S=0@1
g1-r0-w2,g2-r1-2-wnone,0,0,L=0|D=0@1;0@2|S=none
g1-r0-w2,g2-r1-2-w0,0,0,L=0|D=0@1;0@2|S=none
g1-r0-w2,g2-r1-2-w1,0,0,L=0|D=0@1;0@2|S=none
g1-r0-w2,g2-r1-2-w2,0,0,L=0|D=0@1;0@2|S=none
g1-r0-w2,g2-r1-2-w0-1,0,0,L=0|D=0@1;0@2|S=none
g1-r0-w2,g2-r1-2-w1-2,0,0,L=0|D=0@1;0@2|S=none
g1-r1-wnone,g1-rnone-wnone,0,0,L=0|D=none|S=none
g1-r1-wnone,g1-rnone-w0,0,0,L=0|D=none|S=none
g1-r1-wnone,g1-rnone-w1,0,0,L=0|D=none|S=none
g1-r1-wnone,g1-rnone-w2,0,0,L=0|D=none|S=none
g1-r1-wnone,g1-r0-wnone,0,0,L=0|D=0@0|S=none
g1-r1-wnone,g1-r0-w0,0,0,L=0|D=0@0|S=none
g1-r1-wnone,g1-r0-w1,0,0,L=0|D=0@0|S=none
g1-r1-wnone,g1-r0-w2,0,0,L=0|D=0@0|S=none
g1-r1-wnone,g1-r1-wnone,1,1,
g1-r1-wnone,g1-r1-w0,0,0,L=0|D=0@1|S=0@0
g1-r1-wnone,g1-r1-w1,0,0,L=0|D=0@1|S=0@1
g1-r1-wnone,g1-r1-w2,0,0,L=0|D=0@1|S=0@2
g1-r1-wnone,g1-r2-wnone,0,0,L=0|D=0@2|S=none
g1-r1-wnone,g1-r2-w0,0,0,L=0|D=0@2|S=none
g1-r1-wnone,g1-r2-w1,0,0,L=0|D=0@2|S=none
g1-r1-wnone,g1-r2-w2,0,0,L=0|D=0@2|S=none
g1-r1-wnone,g2-rnone-wnone,0,0,L=0|D=none|S=none
g1-r1-wnone,g2-rnone-w0,0,0,L=0|D=none|S=none
g1-r1-wnone,g2-rnone-w1,0,0,L=0|D=none|S=none
g1-r1-wnone,g2-rnone-w2,0,0,L=0|D=none|S=none
g1-r1-wnone,g2-rnone-w0-1,0,0,L=0|D=none|S=none
g1-r1-wnone,g2-rnone-w1-2,0,0,L=0|D=none|S=none
g1-r1-wnone,g2-r0-wnone,0,0,L=0|D=0@0|S=none
g1-r1-wnone,g2-r0-w0,0,0,L=0|D=0@0|S=none
g1-r1-wnone,g2-r0-w1,0,0,L=0|D=0@0|S=none
g1-r1-wnone,g2-r0-w2,0,0,L=0|D=0@0|S=none
g1-r1-wnone,g2-r0-w0-1,0,0,L=0|D=0@0|S=none
g1-r1-wnone,g2-r0-w1-2,0,0,L=0|D=0@0|S=none
g1-r1-wnone,g2-r1-wnone,1,1,
g1-r1-wnone,g2-r1-w0,0,0,L=0|D=0@1|S=0@0
g1-r1-wnone,g2-r1-w1,0,0,L=0|D=0@1|S=0@1
g1-r1-wnone,g2-r1-w2,0,0,L=0|D=0@1|S=0@2
g1-r1-wnone,g2-r1-w0-1,0,0,L=0|D=0@1|S=0@0
g1-r1-wnone,g2-r1-w1-2,0,0,L=0|D=0@1|S=0@1
g1-r1-wnone,g2-r2-wnone,0,0,L=0|D=0@2|S=none
g1-r1-wnone,g2-r2-w0,0,0,L=0|D=0@2|S=none
g1-r1-wnone,g2-r2-w1,0,0,L=0|D=0@2|S=none
g1-r1-wnone,g2-r2-w2,0,0,L=0|D=0@2|S=none
g1-r1-wnone,g2-r2-w0-1,0,0,L=0|D=0@2|S=none
g1-r1-wnone,g2-r2-w1-2,0,0,L=0|D=0@2|S=none
g1-r1-wnone,g2-r0-1-wnone,1,1,
g1-r1-wnone,g2-r0-1-w0,0,0,L=0|D=0@0;0@1|S=0@0
g1-r1-wnone,g2-r0-1-w1,0,0,L=0|D=0@0;0@1|S=0@1
g1-r1-wnone,g2-r0-1-w2,0,0,L=0|D=0@0;0@1|S=0@2
g1-r1-wnone,g2-r0-1-w0-1,0,0,L=0|D=0@0;0@1|S=0@0
g1-r1-wnone,g2-r0-1-w1-2,0,0,L=0|D=0@0;0@1|S=0@1
g1-r1-wnone,g2-r1-2-wnone,1,1,
g1-r1-wnone,g2-r1-2-w0,0,0,L=0|D=0@1;0@2|S=0@0
g1-r1-wnone,g2-r1-2-w1,0,0,L=0|D=0@1;0@2|S=0@1
g1-r1-wnone,g2-r1-2-w2,0,0,L=0|D=0@1;0@2|S=0@2
g1-r1-wnone,g2-r1-2-w0-1,0,0,L=0|D=0@1;0@2|S=0@0
g1-r1-wnone,g2-r1-2-w1-2,0,0,L=0|D=0@1;0@2|S=0@1
g1-r1-w0,g1-rnone-wnone,0,0,L=0|D=none|S=none
g1-r1-w0,g1-rnone-w0,0,0,L=0|D=none|S=none
g1-r1-w0,g1-rnone-w1,0,0,L=0|D=none|S=none
g1-r1-w0,g1-rnone-w2,0,0,L=0|D=none|S=none
g1-r1-w0,g1-r0-wnone,0,0,L=0|D=0@0|S=none
g1-r1-w0,g1-r0-w0,0,0,L=0|D=0@0|S=none
g1-r1-w0,g1-r0-w1,0,0,L=0|D=0@0|S=none
g1-r1-w0,g1-r0-w2,0,0,L=0|D=0@0|S=none
g1-r1-w0,g1-r1-wnone,1,1,
g1-r1-w0,g1-r1-w0,1,1,
g1-r1-w0,g1-r1-w1,0,0,L=0|D=0@1|S=0@1
g1-r1-w0,g1-r1-w2,0,0,L=0|D=0@1|S=0@2
g1-r1-w0,g1-r2-wnone,0,0,L=0|D=0@2|S=none
g1-r1-w0,g1-r2-w0,0,0,L=0|D=0@2|S=none
g1-r1-w0,g1-r2-w1,0,0,L=0|D=0@2|S=none
g1-r1-w0,g1-r2-w2,0,0,L=0|D=0@2|S=none
g1-r1-w0,g2-rnone-wnone,0,0,L=0|D=none|S=none
g1-r1-w0,g2-rnone-w0,0,0,L=0|D=none|S=none
g1-r1-w0,g2-rnone-w1,0,0,L=0|D=none|S=none
g1-r1-w0,g2-rnone-w2,0,0,L=0|D=none|S=none
g1-r1-w0,g2-rnone-w0-1,0,0,L=0|D=none|S=none
g1-r1-w0,g2-rnone-w1-2,0,0,L=0|D=none|S=none
g1-r1-w0,g2-r0-wnone,0,0,L=0|D=0@0|S=none
g1-r1-w0,g2-r0-w0,0,0,L=0|D=0@0|S=none
g1-r1-w0,g2-r0-w1,0,0,L=0|D=0@0|S=none
g1-r1-w0,g2-r0-w2,0,0,L=0|D=0@0|S=none
g1-r1-w0,g2-r0-w0-1,0,0,L=0|D=0@0|S=none
g1-r1-w0,g2-r0-w1-2,0,0,L=0|D=0@0|S=none
g1-r1-w0,g2-r1-wnone,1,1,
g1-r1-w0,g2-r1-w0,1,1,
g1-r1-w0,g2-r1-w1,0,0,L=0|D=0@1|S=0@1
g1-r1-w0,g2-r1-w2,0,0,L=0|D=0@1|S=0@2
g1-r1-w0,g2-r1-w0-1,0,0,L=0|D=0@1|S=0@1
g1-r1-w0,g2-r1-w1-2,0,0,L=0|D=0@1|S=0@1
g1-r1-w0,g2-r2-wnone,0,0,L=0|D=0@2|S=none
g1-r1-w0,g2-r2-w0,0,0,L=0|D=0@2|S=none
g1-r1-w0,g2-r2-w1,0,0,L=0|D=0@2|S=none
g1-r1-w0,g2-r2-w2,0,0,L=0|D=0@2|S=none
g1-r1-w0,g2-r2-w0-1,0,0,L=0|D=0@2|S=none
g1-r1-w0,g2-r2-w1-2,0,0,L=0|D=0@2|S=none
g1-r1-w0,g2-r0-1-wnone,1,1,
g1-r1-w0,g2-r0-1-w0,1,1,
g1-r1-w0,g2-r0-1-w1,0,0,L=0|D=0@0;0@1|S=0@1
g1-r1-w0,g2-r0-1-w2,0,0,L=0|D=0@0;0@1|S=0@2
g1-r1-w0,g2-r0-1-w0-1,0,0,L=0|D=0@0;0@1|S=0@1
g1-r1-w0,g2-r0-1-w1-2,0,0,L=0|D=0@0;0@1|S=0@1
g1-r1-w0,g2-r1-2-wnone,1,1,
g1-r1-w0,g2-r1-2-w0,1,1,
g1-r1-w0,g2-r1-2-w1,0,0,L=0|D=0@1;0@2|S=0@1
g1-r1-w0,g2-r1-2-w2,0,0,L=0|D=0@1;0@2|S=0@2
g1-r1-w0,g2-r1-2-w0-1,0,0,L=0|D=0@1;0@2|S=0@1
g1-r1-w0,g2-r1-2-w1-2,0,0,L=0|D=0@1;0@2|S=0@1
g1-r1-w1,g1-rnone-wnone,0,0,L=0|D=none|S=none
g1-r1-w1,g1-rnone-w0,0,0,L=0|D=none|S=none
g1-r1-w1,g1-rnone-w1,0,0,L=0|D=none|S=none
g1-r1-w1,g1-rnone-w2,0,0,L=0|D=none|S=none
g1-r1-w1,g1-r0-wnone,0,0,L=0|D=0@0|S=none
g1-r1-w1,g1-r0-w0,0,0,L=0|D=0@0|S=none
g1-r1-w1,g1-r0-w1,0,0,L=0|D=0@0|S=none
g1-r1-w1,g1-r0-w2,0,0,L=0|D=0@0|S=none
g1-r1-w1,g1-r1-wnone,1,1,
g1-r1-w1,g1-r1-w0,0,0,L=0|D=0@1|S=0@0
g1-r1-w1,g1-r1-w1,1,1,
g1-r1-w1,g1-r1-w2,0,0,L=0|D=0@1|S=0@2
g1-r1-w1,g1-r2-wnone,0,0,L=0|D=0@2|S=none
g1-r1-w1,g1-r2-w0,0,0,L=0|D=0@2|S=none
g1-r1-w1,g1-r2-w1,0,0,L=0|D=0@2|S=none
g1-r1-w1,g1-r2-w2,0,0,L=0|D=0@2|S=none
g1-r1-w1,g2-rnone-wnone,0,0,L=0|D=none|S=none
g1-r1-w1,g2-rnone-w0,0,0,L=0|D=none|S=none
g1-r1-w1,g2-rnone-w1,0,0,L=0|D=none|S=none
g1-r1-w1,g2-rnone-w2,0,0,L=0|D=none|S=none
g1-r1-w1,g2-rnone-w0-1,0,0,L=0|D=none|S=none
g1-r1-w1,g2-rnone-w1-2,0,0,L=0|D=none|S=none
g1-r1-w1,g2-r0-wnone,0,0,L=0|D=0@0|S=none
g1-r1-w1,g2-r0-w0,0,0,L=0|D=0@0|S=none
g1-r1-w1,g2-r0-w1,0,0,L=0|D=0@0|S=none
g1-r1-w1,g2-r0-w2,0,0,L=0|D=0@0|S=none
g1-r1-w1,g2-r0-w0-1,0,0,L=0|D=0@0|S=none
g1-r1-w1,g2-r0-w1-2,0,0,L=0|D=0@0|S=none
g1-r1-w1,g2-r1-wnone,1,1,
g1-r1-w1,g2-r1-w0,0,0,L=0|D=0@1|S=0@0
g1-r1-w1,g2-r1-w1,1,1,
g1-r1-w1,g2-r1-w2,0,0,L=0|D=0@1|S=0@2
g1-r1-w1,g2-r1-w0-1,0,0,L=0|D=0@1|S=0@0
g1-r1-w1,g2-r1-w1-2,0,0,L=0|D=0@1|S=0@2
g1-r1-w1,g2-r2-wnone,0,0,L=0|D=0@2|S=none
g1-r1-w1,g2-r2-w0,0,0,L=0|D=0@2|S=none
g1-r1-w1,g2-r2-w1,0,0,L=0|D=0@2|S=none
g1-r1-w1,g2-r2-w2,0,0,L=0|D=0@2|S=none
g1-r1-w1,g2-r2-w0-1,0,0,L=0|D=0@2|S=none
g1-r1-w1,g2-r2-w1-2,0,0,L=0|D=0@2|S=none
g1-r1-w1,g2-r0-1-wnone,1,1,
g1-r1-w1,g2-r0-1-w0,0,0,L=0|D=0@0;0@1|S=0@0
g1-r1-w1,g2-r0-1-w1,1,1,
g1-r1-w1,g2-r0-1-w2,0,0,L=0|D=0@0;0@1|S=0@2
g1-r1-w1,g2-r0-1-w0-1,0,0,L=0|D=0@0;0@1|S=0@0
g1-r1-w1,g2-r0-1-w1-2,0,0,L=0|D=0@0;0@1|S=0@2
g1-r1-w1,g2-r1-2-wnone,1,1,
g1-r1-w1,g2-r1-2-w0,0,0,L=0|D=0@1;0@2|S=0@0
g1-r1-w1,g2-r1-2-w1,1,1,
g1-r1-w1,g2-r1-2-w2,0,0,L=0|D=0@1;0@2|S=0@2
g1-r1-w1,g2-r1-2-w0-1,0,0,L=0|D=0@1;0@2|S=0@0
g1-r1-w1,g2-r1-2-w1-2,0,0,L=0|D=0@1;0@2|S=0@2
g1-r1-w2,g1-rnone-wnone,0,0,L=0|D=none|S=none
g1-r1-w2,g1-rnone-w0,0,0,L=0|D=none|S=none
g1-r1-w2,g1-rnone-w1,0,0,L=0|D=none|S=none
g1-r1-w2,g1-rnone-w2,0,0,L=0|D=none|S=none
g1-r1-w2,g1-r0-wnone,0,0,L=0|D=0@0|S=none
g1-r1-w2,g1-r0-w0,0,0,L=0|D=0@0|S=none
g1-r1-w2,g1-r0-w1,0,0,L=0|D=0@0|S=none
g1-r1-w2,g1-r0-w2,0,0,L=0|D=0@0|S=none
g1-r1-w2,g1-r1-wnone,1,1,
g1-r1-w2,g1-r1-w0,0,0,L=0|D=0@1|S=0@0
g1-r1-w2,g1-r1-w1,0,0,L=0|D=0@1|S=0@1
g1-r1-w2,g1-r1-w2,1,1,
g1-r1-w2,g1-r2-wnone,0,0,L=0|D=0@2|S=none
g1-r1-w2,g1-r2-w0,0,0,L=0|D=0@2|S=none
g1-r1-w2,g1-r2-w1,0,0,L=0|D=0@2|S=none
g1-r1-w2,g1-r2-w2,0,0,L=0|D=0@2|S=none
g1-r1-w2,g2-rnone-wnone,0,0,L=0|D=none|S=none
g1-r1-w2,g2-rnone-w0,0,0,L=0|D=none|S=none
g1-r1-w2,g2-rnone-w1,0,0,L=0|D=none|S=none
g1-r1-w2,g2-rnone-w2,0,0,L=0|D=none|S=none
g1-r1-w2,g2-rnone-w0-1,0,0,L=0|D=none|S=none
g1-r1-w2,g2-rnone-w1-2,0,0,L=0|D=none|S=none
g1-r1-w2,g2-r0-wnone,0,0,L=0|D=0@0|S=none
g1-r1-w2,g2-r0-w0,0,0,L=0|D=0@0|S=none
g1-r1-w2,g2-r0-w1,0,0,L=0|D=0@0|S=none
g1-r1-w2,g2-r0-w2,0,0,L=0|D=0@0|S=none
g1-r1-w2,g2-r0-w0-1,0,0,L=0|D=0@0|S=none
g1-r1-w2,g2-r0-w1-2,0,0,L=0|D=0@0|S=none
g1-r1-w2,g2-r1-wnone,1,1,
g1-r1-w2,g2-r1-w0,0,0,L=0|D=0@1|S=0@0
g1-r1-w2,g2-r1-w1,0,0,L=0|D=0@1|S=0@1
g1-r1-w2,g2-r1-w2,1,1,
g1-r1-w2,g2-r1-w0-1,0,0,L=0|D=0@1|S=0@0
g1-r1-w2,g2-r1-w1-2,0,0,L=0|D=0@1|S=0@1
g1-r1-w2,g2-r2-wnone,0,0,L=0|D=0@2|S=none
g1-r1-w2,g2-r2-w0,0,0,L=0|D=0@2|S=none
g1-r1-w2,g2-r2-w1,0,0,L=0|D=0@2|S=none
g1-r1-w2,g2-r2-w2,0,0,L=0|D=0@2|S=none
g1-r1-w2,g2-r2-w0-1,0,0,L=0|D=0@2|S=none
g1-r1-w2,g2-r2-w1-2,0,0,L=0|D=0@2|S=none
g1-r1-w2,g2-r0-1-wnone,1,1,
g1-r1-w2,g2-r0-1-w0,0,0,L=0|D=0@0;0@1|S=0@0
g1-r1-w2,g2-r0-1-w1,0,0,L=0|D=0@0;0@1|S=0@1
g1-r1-w2,g2-r0-1-w2,1,1,
g1-r1-w2,g2-r0-1-w0-1,0,0,L=0|D=0@0;0@1|S=0@0
g1-r1-w2,g2-r0-1-w1-2,0,0,L=0|D=0@0;0@1|S=0@1
g1-r1-w2,g2-r1-2-wnone,1,1,
g1-r1-w2,g2-r1-2-w0,0,0,L=0|D=0@1;0@2|S=0@0
g1-r1-w2,g2-r1-2-w1,0,0,L=0|D=0@1;0@2|S=0@1
g1-r1-w2,g2-r1-2-w2,1,1,
g1-r1-w2,g2-r1-2-w0-1,0,0,L=0|D=0@1;0@2|S=0@0
g1-r1-w2,g2-r1-2-w1-2,0,0,L=0|D=0@1;0@2|S=0@1
g1-r2-wnone,g1-rnone-wnone,0,0,L=0|D=none|S=none
g1-r2-wnone,g1-rnone-w0,0,0,L=0|D=none|S=none
g1-r2-wnone,g1-rnone-w1,0,0,L=0|D=none|S=none
g1-r2-wnone,g1-rnone-w2,0,0,L=0|D=none|S=none
g1-r2-wnone,g1-r0-wnone,0,0,L=0|D=0@0|S=none
g1-r2-wnone,g1-r0-w0,0,0,L=0|D=0@0|S=none
g1-r2-wnone,g1-r0-w1,0,0,L=0|D=0@0|S=none
g1-r2-wnone,g1-r0-w2,0,0,L=0|D=0@0|S=none
g1-r2-wnone,g1-r1-wnone,0,0,L=0|D=0@1|S=none
g1-r2-wnone,g1-r1-w0,0,0,L=0|D=0@1|S=none
g1-r2-wnone,g1-r1-w1,0,0,L=0|D=0@1|S=none
g1-r2-wnone,g1-r1-w2,0,0,L=0|D=0@1|S=none
g1-r2-wnone,g1-r2-wnone,1,1,
g1-r2-wnone,g1-r2-w0,0,0,L=0|D=0@2|S=0@0
g1-r2-wnone,g1-r2-w1,0,0,L=0|D=0@2|S=0@1
g1-r2-wnone,g1-r2-w2,0,0,L=0|D=0@2|S=0@2
g1-r2-wnone,g2-rnone-wnone,0,0,L=0|D=none|S=none
g1-r2-wnone,g2-rnone-w0,0,0,L=0|D=none|S=none
g1-r2-wnone,g2-rnone-w1,0,0,L=0|D=none|S=none
g1-r2-wnone,g2-rnone-w2,0,0,L=0|D=none|S=none
g1-r2-wnone,g2-rnone-w0-1,0,0,L=0|D=none|S=none
g1-r2-wnone,g2-rnone-w1-2,0,0,L=0|D=none|S=none
g1-r2-wnone,g2-r0-wnone,0,0,L=0|D=0@0|S=none
g1-r2-wnone,g2-r0-w0,0,0,L=0|D=0@0|S=none
g1-r2-wnone,g2-r0-w1,0,0,L=0|D=0@0|S=none
g1-r2-wnone,g2-r0-w2,0,0,L=0|D=0@0|S=none
g1-r2-wnone,g2-r0-w0-1,0,0,L=0|D=0@0|S=none
g1-r2-wnone,g2-r0-w1-2,0,0,L=0|D=0@0|S=none
g1-r2-wnone,g2-r1-wnone,0,0,L=0|D=0@1|S=none
g1-r2-wnone,g2-r1-w0,0,0,L=0|D=0@1|S=none
g1-r2-wnone,g2-r1-w1,0,0,L=0|D=0@1|S=none
g1-r2-wnone,g2-r1-w2,0,0,L=0|D=0@1|S=none
g1-r2-wnone,g2-r1-w0-1,0,0,L=0|D=0@1|S=none
g1-r2-wnone,g2-r1-w1-2,0,0,L=0|D=0@1|S=none
g1-r2-wnone,g2-r2-wnone,1,1,
g1-r2-wnone,g2-r2-w0,0,0,L=0|D=0@2|S=0@0
g1-r2-wnone,g2-r2-w1,0,0,L=0|D=0@2|S=0@1
g1-r2-wnone,g2-r2-w2,0,0,L=0|D=0@2|S=0@2
g1-r2-wnone,g2-r2-w0-1,0,0,L=0|D=0@2|S=0@0
g1-r2-wnone,g2-r2-w1-2,0,0,L=0|D=0@2|S=0@1
g1-r2-wnone,g2-r0-1-wnone,0,0,L=0|D=0@0;0@1|S=none
g1-r2-wnone,g2-r0-1-w0,0,0,L=0|D=0@0;0@1|S=none
g1-r2-wnone,g2-r0-1-w1,0,0,L=0|D=0@0;0@1|S=none
g1-r2-wnone,g2-r0-1-w2,0,0,L=0|D=0@0;0@1|S=none
g1-r2-wnone,g2-r0-1-w0-1,0,0,L=0|D=0@0;0@1|S=none
g1-r2-wnone,g2-r0-1-w1-2,0,0,L=0|D=0@0;0@1|S=none
g1-r2-wnone,g2-r1-2-wnone,1,1,
g1-r2-wnone,g2-r1-2-w0,0,0,L=0|D=0@1;0@2|S=0@0
g1-r2-wnone,g2-r1-2-w1,0,0,L=0|D=0@1;0@2|S=0@1
g1-r2-wnone,g2-r1-2-w2,0,0,L=0|D=0@1;0@2|S=0@2
g1-r2-wnone,g2-r1-2-w0-1,0,0,L=0|D=0@1;0@2|S=0@0
g1-r2-wnone,g2-r1-2-w1-2,0,0,L=0|D=0@1;0@2|S=0@1
g1-r2-w0,g1-rnone-wnone,0,0,L=0|D=none|S=none
g1-r2-w0,g1-rnone-w0,0,0,L=0|D=none|S=none
g1-r2-w0,g1-rnone-w1,0,0,L=0|D=none|S=none
g1-r2-w0,g1-rnone-w2,0,0,L=0|D=none|S=none
g1-r2-w0,g1-r0-wnone,0,0,L=0|D=0@0|S=none
g1-r2-w0,g1-r0-w0,0,0,L=0|D=0@0|S=none
g1-r2-w0,g1-r0-w1,0,0,L=0|D=0@0|S=none
g1-r2-w0,g1-r0-w2,0,0,L=0|D=0@0|S=none
g1-r2-w0,g1-r1-wnone,0,0,L=0|D=0@1|S=none
g1-r2-w0,g1-r1-w0,0,0,L=0|D=0@1|S=none
g1-r2-w0,g1-r1-w1,0,0,L=0|D=0@1|S=none
g1-r2-w0,g1-r1-w2,0,0,L=0|D=0@1|S=none
g1-r2-w0,g1-r2-wnone,1,1,
g1-r2-w0,g1-r2-w0,1,1,
g1-r2-w0,g1-r2-w1,0,0,L=0|D=0@2|S=0@1
g1-r2-w0,g1-r2-w2,0,0,L=0|D=0@2|S=0@2
g1-r2-w0,g2-rnone-wnone,0,0,L=0|D=none|S=none
g1-r2-w0,g2-rnone-w0,0,0,L=0|D=none|S=none
g1-r2-w0,g2-rnone-w1,0,0,L=0|D=none|S=none
g1-r2-w0,g2-rnone-w2,0,0,L=0|D=none|S=none
g1-r2-w0,g2-rnone-w0-1,0,0,L=0|D=none|S=none
g1-r2-w0,g2-rnone-w1-2,0,0,L=0|D=none|S=none
g1-r2-w0,g2-r0-wnone,0,0,L=0|D=0@0|S=none
g1-r2-w0,g2-r0-w0,0,0,L=0|D=0@0|S=none
g1-r2-w0,g2-r0-w1,0,0,L=0|D=0@0|S=none
g1-r2-w0,g2-r0-w2,0,0,L=0|D=0@0|S=none
g1-r2-w0,g2-r0-w0-1,0,0,L=0|D=0@0|S=none
g1-r2-w0,g2-r0-w1-2,0,0,L=0|D=0@0|S=none
g1-r2-w0,g2-r1-wnone,0,0,L=0|D=0@1|S=none
g1-r2-w0,g2-r1-w0,0,0,L=0|D=0@1|S=none
g1-r2-w0,g2-r1-w1,0,0,L=0|D=0@1|S=none
g1-r2-w0,g2-r1-w2,0,0,L=0|D=0@1|S=none
g1-r2-w0,g2-r1-w0-1,0,0,L=0|D=0@1|S=none
g1-r2-w0,g2-r1-w1-2,0,0,L=0|D=0@1|S=none
g1-r2-w0,g2-r2-wnone,1,1,
g1-r2-w0,g2-r2-w0,1,1,
g1-r2-w0,g2-r2-w1,0,0,L=0|D=0@2|S=0@1
g1-r2-w0,g2-r2-w2,0,0,L=0|D=0@2|S=0@2
g1-r2-w0,g2-r2-w0-1,0,0,L=0|D=0@2|S=0@1
g1-r2-w0,g2-r2-w1-2,0,0,L=0|D=0@2|S=0@1
g1-r2-w0,g2-r0-1-wnone,0,0,L=0|D=0@0;0@1|S=none
g1-r2-w0,g2-r0-1-w0,0,0,L=0|D=0@0;0@1|S=none
g1-r2-w0,g2-r0-1-w1,0,0,L=0|D=0@0;0@1|S=none
g1-r2-w0,g2-r0-1-w2,0,0,L=0|D=0@0;0@1|S=none
g1-r2-w0,g2-r0-1-w0-1,0,0,L=0|D=0@0;0@1|S=none
g1-r2-w0,g2-r0-1-w1-2,0,0,L=0|D=0@0;0@1|S=none
g1-r2-w0,g2-r1-2-wnone,1,1,
g1-r2-w0,g2-r1-2-w0,1,1,
g1-r2-w0,g2-r1-2-w1,0,0,L=0|D=0@1;0@2|S=0@1
g1-r2-w0,g2-r1-2-w2,0,0,L=0|D=0@1;0@2|S=0@2
g1-r2-w0,g2-r1-2-w0-1,0,0,L=0|D=0@1;0@2|S=0@1
g1-r2-w0,g2-r1-2-w1-2,0,0,L=0|D=0@1;0@2|S=0@1
g1-r2-w1,g1-rnone-wnone,0,0,L=0|D=none|S=none
g1-r2-w1,g1-rnone-w0,0,0,L=0|D=none|S=none
g1-r2-w1,g1-rnone-w1,0,0,L=0|D=none|S=none
g1-r2-w1,g1-rnone-w2,0,0,L=0|D=none|S=none
g1-r2-w1,g1-r0-wnone,0,0,L=0|D=0@0|S=none
g1-r2-w1,g1-r0-w0,0,0,L=0|D=0@0|S=none
g1-r2-w1,g1-r0-w1,0,0,L=0|D=0@0|S=none
g1-r2-w1,g1-r0-w2,0,0,L=0|D=0@0|S=none
g1-r2-w1,g1-r1-wnone,0,0,L=0|D=0@1|S=none
g1-r2-w1,g1-r1-w0,0,0,L=0|D=0@1|S=none
g1-r2-w1,g1-r1-w1,0,0,L=0|D=0@1|S=none
g1-r2-w1,g1-r1-w2,0,0,L=0|D=0@1|S=none
g1-r2-w1,g1-r2-wnone,1,1,
g1-r2-w1,g1-r2-w0,0,0,L=0|D=0@2|S=0@0
g1-r2-w1,g1-r2-w1,1,1,
g1-r2-w1,g1-r2-w2,0,0,L=0|D=0@2|S=0@2
g1-r2-w1,g2-rnone-wnone,0,0,L=0|D=none|S=none
g1-r2-w1,g2-rnone-w0,0,0,L=0|D=none|S=none
g1-r2-w1,g2-rnone-w1,0,0,L=0|D=none|S=none
g1-r2-w1,g2-rnone-w2,0,0,L=0|D=none|S=none
g1-r2-w1,g2-rnone-w0-1,0,0,L=0|D=none|S=none
g1-r2-w1,g2-rnone-w1-2,0,0,L=0|D=none|S=none
g1-r2-w1,g2-r0-wnone,0,0,L=0|D=0@0|S=none
g1-r2-w1,g2-r0-w0,0,0,L=0|D=0@0|S=none
g1-r2-w1,g2-r0-w1,0,0,L=0|D=0@0|S=none
g1-r2-w1,g2-r0-w2,0,0,L=0|D=0@0|S=none
g1-r2-w1,g2-r0-w0-1,0,0,L=0|D=0@0|S=none
g1-r2-w1,g2-r0-w1-2,0,0,L=0|D=0@0|S=none
g1-r2-w1,g2-r1-wnone,0,0,L=0|D=0@1|S=none
g1-r2-w1,g2-r1-w0,0,0,L=0|D=0@1|S=none
g1-r2-w1,g2-r1-w1,0,0,L=0|D=0@1|S=none
g1-r2-w1,g2-r1-w2,0,0,L=0|D=0@1|S=none
g1-r2-w1,g2-r1-w0-1,0,0,L=0|D=0@1|S=none
g1-r2-w1,g2-r1-w1-2,0,0,L=0|D=0@1|S=none
g1-r2-w1,g2-r2-wnone,1,1,
g1-r2-w1,g2-r2-w0,0,0,L=0|D=0@2|S=0@0
g1-r2-w1,g2-r2-w1,1,1,
g1-r2-w1,g2-r2-w2,0,0,L=0|D=0@2|S=0@2
g1-r2-w1,g2-r2-w0-1,0,0,L=0|D=0@2|S=0@0
g1-r2-w1,g2-r2-w1-2,0,0,L=0|D=0@2|S=0@2
g1-r2-w1,g2-r0-1-wnone,0,0,L=0|D=0@0;0@1|S=none
g1-r2-w1,g2-r0-1-w0,0,0,L=0|D=0@0;0@1|S=none
g1-r2-w1,g2-r0-1-w1,0,0,L=0|D=0@0;0@1|S=none
g1-r2-w1,g2-r0-1-w2,0,0,L=0|D=0@0;0@1|S=none
g1-r2-w1,g2-r0-1-w0-1,0,0,L=0|D=0@0;0@1|S=none
g1-r2-w1,g2-r0-1-w1-2,0,0,L=0|D=0@0;0@1|S=none
g1-r2-w1,g2-r1-2-wnone,1,1,
g1-r2-w1,g2-r1-2-w0,0,0,L=0|D=0@1;0@2|S=0@0
g1-r2-w1,g2-r1-2-w1,1,1,
g1-r2-w1,g2-r1-2-w2,0,0,L=0|D=0@1;0@2|S=0@2
g1-r2-w1,g2-r1-2-w0-1,0,0,L=0|D=0@1;0@2|S=0@0
g1-r2-w1,g2-r1-2-w1-2,0,0,L=0|D=0@1;0@2|S=0@2
g1-r2-w2,g1-rnone-wnone,0,0,L=0|D=none|S=none
g1-r2-w2,g1-rnone-w0,0,0,L=0|D=none|S=none
g1-r2-w2,g1-rnone-w1,0,0,L=0|D=none|S=none
g1-r2-w2,g1-rnone-w2,0,0,L=0|D=none|S=none
g1-r2-w2,g1-r0-wnone,0,0,L=0|D=0@0|S=none
g1-r2-w2,g1-r0-w0,0,0,L=0|D=0@0|S=none
g1-r2-w2,g1-r0-w1,0,0,L=0|D=0@0|S=none
g1-r2-w2,g1-r0-w2,0,0,L=0|D=0@0|S=none
g1-r2-w2,g1-r1-wnone,0,0,L=0|D=0@1|S=none
g1-r2-w2,g1-r1-w0,0,0,L=0|D=0@1|S=none
g1-r2-w2,g1-r1-w1,0,0,L=0|D=0@1|S=none
g1-r2-w2,g1-r1-w2,0,0,L=0|D=0@1|S=none
g1-r2-w2,g1-r2-wnone,1,1,
g1-r2-w2,g1-r2-w0,0,0,L=0|D=0@2|S=0@0
g1-r2-w2,g1-r2-w1,0,0,L=0|D=0@2|S=0@1
g1-r2-w2,g1-r2-w2,1,1,
g1-r2-w2,g2-rnone-wnone,0,0,L=0|D=none|S=none
g1-r2-w2,g2-rnone-w0,0,0,L=0|D=none|S=none
g1-r2-w2,g2-rnone-w1,0,0,L=0|D=none|S=none
g1-r2-w2,g2-rnone-w2,0,0,L=0|D=none|S=none
g1-r2-w2,g2-rnone-w0-1,0,0,L=0|D=none|S=none
g1-r2-w2,g2-rnone-w1-2,0,0,L=0|D=none|S=none
g1-r2-w2,g2-r0-wnone,0,0,L=0|D=0@0|S=none
g1-r2-w2,g2-r0-w0,0,0,L=0|D=0@0|S=none
g1-r2-w2,g2-r0-w1,0,0,L=0|D=0@0|S=none
g1-r2-w2,g2-r0-w2,0,0,L=0|D=0@0|S=none
g1-r2-w2,g2-r0-w0-1,0,0,L=0|D=0@0|S=none
g1-r2-w2,g2-r0-w1-2,0,0,L=0|D=0@0|S=none
g1-r2-w2,g2-r1-wnone,0,0,L=0|D=0@1|S=none
g1-r2-w2,g2-r1-w0,0,0,L=0|D=0@1|S=none
g1-r2-w2,g2-r1-w1,0,0,L=0|D=0@1|S=none
g1-r2-w2,g2-r1-w2,0,0,L=0|D=0@1|S=none
g1-r2-w2,g2-r1-w0-1,0,0,L=0|D=0@1|S=none
g1-r2-w2,g2-r1-w1-2,0,0,L=0|D=0@1|S=none
g1-r2-w2,g2-r2-wnone,1,1,
g1-r2-w2,g2-r2-w0,0,0,L=0|D=0@2|S=0@0
g1-r2-w2,g2-r2-w1,0,0,L=0|D=0@2|S=0@1
g1-r2-w2,g2-r2-w2,1,1,
g1-r2-w2,g2-r2-w0-1,0,0,L=0|D=0@2|S=0@0
g1-r2-w2,g2-r2-w1-2,0,0,L=0|D=0@2|S=0@1
g1-r2-w2,g2-r0-1-wnone,0,0,L=0|D=0@0;0@1|S=none
g1-r2-w2,g2-r0-1-w0,0,0,L=0|D=0@0;0@1|S=none
g1-r2-w2,g2-r0-1-w1,0,0,L=0|D=0@0;0@1|S=none
g1-r2-w2,g2-r0-1-w2,0,0,L=0|D=0@0;0@1|S=none
g1-r2-w2,g2-r0-1-w0-1,0,0,L=0|D=0@0;0@1|S=none
g1-r2-w2,g2-r0-1-w1-2,0,0,L=0|D=0@0;0@1|S=none
g1-r2-w2,g2-r1-2-wnone,1,1,
g1-r2-w2,g2-r1-2-w0,0,0,L=0|D=0@1;0@2|S=0@0
g1-r2-w2,g2-r1-2-w1,0,0,L=0|D=0@1;0@2|S=0@1
g1-r2-w2,g2-r1-2-w2,1,1,
g1-r2-w2,g2-r1-2-w0-1,0,0,L=0|D=0@1;0@2|S=0@0
g1-r2-w2,g2-r1-2-w1-2,0,0,L=0|D=0@1;0@2|S=0@1
g2-rnone-wnone,g1-rnone-wnone,0,0,L=0-1|D=none|S=none
g2-rnone-wnone,g1-rnone-w0,0,0,L=0|D=none|S=0@0
g2-rnone-wnone,g1-rnone-w1,0,0,L=0|D=none|S=0@1
g2-rnone-wnone,g1-rnone-w2,0,0,L=0|D=none|S=0@2
g2-rnone-wnone,g1-r0-wnone,0,0,L=0-1|D=0@0;1@0|S=none
g2-rnone-wnone,g1-r0-w0,0,0,L=0|D=0@0|S=0@0
g2-rnone-wnone,g1-r0-w1,0,0,L=0|D=0@0|S=0@1
g2-rnone-wnone,g1-r0-w2,0,0,L=0|D=0@0|S=0@2
g2-rnone-wnone,g1-r1-wnone,0,0,L=0-1|D=0@1;1@1|S=none
g2-rnone-wnone,g1-r1-w0,0,0,L=0|D=0@1|S=0@0
g2-rnone-wnone,g1-r1-w1,0,0,L=0|D=0@1|S=0@1
g2-rnone-wnone,g1-r1-w2,0,0,L=0|D=0@1|S=0@2
g2-rnone-wnone,g1-r2-wnone,0,0,L=0-1|D=0@2;1@2|S=none
g2-rnone-wnone,g1-r2-w0,0,0,L=0|D=0@2|S=0@0
g2-rnone-wnone,g1-r2-w1,0,0,L=0|D=0@2|S=0@1
g2-rnone-wnone,g1-r2-w2,0,0,L=0|D=0@2|S=0@2
g2-rnone-wnone,g2-rnone-wnone,1,1,
g2-rnone-wnone,g2-rnone-w0,0,0,L=0|D=none|S=0@0
g2-rnone-wnone,g2-rnone-w1,0,0,L=0|D=none|S=0@1
g2-rnone-wnone,g2-rnone-w2,0,0,L=0|D=none|S=0@2
g2-rnone-wnone,g2-rnone-w0-1,0,0,L=0|D=none|S=0@0
g2-rnone-wnone,g2-rnone-w1-2,0,0,L=0|D=none|S=0@1
g2-rnone-wnone,g2-r0-wnone,1,1,
g2-rnone-wnone,g2-r0-w0,0,0,L=0|D=0@0|S=0@0
g2-rnone-wnone,g2-r0-w1,0,0,L=0|D=0@0|S=0@1
g2-rnone-wnone,g2-r0-w2,0,0,L=0|D=0@0|S=0@2
g2-rnone-wnone,g2-r0-w0-1,0,0,L=0|D=0@0|S=0@0
g2-rnone-wnone,g2-r0-w1-2,0,0,L=0|D=0@0|S=0@1
g2-rnone-wnone,g2-r1-wnone,1,1,
g2-rnone-wnone,g2-r1-w0,0,0,L=0|D=0@1|S=0@0
g2-rnone-wnone,g2-r1-w1,0,0,L=0|D=0@1|S=0@1
g2-rnone-wnone,g2-r1-w2,0,0,L=0|D=0@1|S=0@2
g2-rnone-wnone,g2-r1-w0-1,0,0,L=0|D=0@1|S=0@0
g2-rnone-wnone,g2-r1-w1-2,0,0,L=0|D=0@1|S=0@1
g2-rnone-wnone,g2-r2-wnone,1,1,
g2-rnone-wnone,g2-r2-w0,0,0,L=0|D=0@2|S=0@0
g2-rnone-wnone,g2-r2-w1,0,0,L=0|D=0@2|S=0@1
g2-rnone-wnone,g2-r2-w2,0,0,L=0|D=0@2|S=0@2
g2-rnone-wnone,g2-r2-w0-1,0,0,L=0|D=0@2|S=0@0
g2-rnone-wnone,g2-r2-w1-2,0,0,L=0|D=0@2|S=0@1
g2-rnone-wnone,g2-r0-1-wnone,1,1,
g2-rnone-wnone,g2-r0-1-w0,0,0,L=0|D=0@0;0@1|S=0@0
g2-rnone-wnone,g2-r0-1-w1,0,0,L=0|D=0@0;0@1|S=0@1
g2-rnone-wnone,g2-r0-1-w2,0,0,L=0|D=0@0;0@1|S=0@2
g2-rnone-wnone,g2-r0-1-w0-1,0,0,L=0|D=0@0;0@1|S=0@0
g2-rnone-wnone,g2-r0-1-w1-2,0,0,L=0|D=0@0;0@1|S=0@1
g2-rnone-wnone,g2-r1-2-wnone,1,1,
g2-rnone-wnone,g2-r1-2-w0,0,0,L=0|D=0@1;0@2|S=0@0
g2-rnone-wnone,g2-r1-2-w1,0,0,L=0|D=0@1;0@2|S=0@1
g2-rnone-wnone,g2-r1-2-w2,0,0,L=0|D=0@1;0@2|S=0@2
g2-rnone-wnone,g2-r1-2-w0-1,0,0,L=0|D=0@1;0@2|S=0@0
g2-rnone-wnone,g2-r1-2-w1-2,0,0,L=0|D=0@1;0@2|S=0@1
g2-rnone-w0,g1-rnone-wnone,0,0,L=0-1|D=none|S=none
g2-rnone-w0,g1-rnone-w0,0,0,L=0-1|D=none|S=none
g2-rnone-w0,g1-rnone-w1,0,0,L=0|D=none|S=0@1
g2-rnone-w0,g1-rnone-w2,0,0,L=0|D=none|S=0@2
g2-rnone-w0,g1-r0-wnone,0,0,L=0-1|D=0@0;1@0|S=none
g2-rnone-w0,g1-r0-w0,0,0,L=0-1|D=0@0;1@0|S=none
g2-rnone-w0,g1-r0-w1,0,0,L=0|D=0@0|S=0@1
g2-rnone-w0,g1-r0-w2,0,0,L=0|D=0@0|S=0@2
g2-rnone-w0,g1-r1-wnone,0,0,L=0-1|D=0@1;1@1|S=none
g2-rnone-w0,g1-r1-w0,0,0,L=0-1|D=0@1;1@1|S=none
g2-rnone-w0,g1-r1-w1,0,0,L=0|D=0@1|S=0@1
g2-rnone-w0,g1-r1-w2,0,0,L=0|D=0@1|S=0@2
g2-rnone-w0,g1-r2-wnone,0,0,L=0-1|D=0@2;1@2|S=none
g2-rnone-w0,g1-r2-w0,0,0,L=0-1|D=0@2;1@2|S=none
g2-rnone-w0,g1-r2-w1,0,0,L=0|D=0@2|S=0@1
g2-rnone-w0,g1-r2-w2,0,0,L=0|D=0@2|S=0@2
g2-rnone-w0,g2-rnone-wnone,1,1,
g2-rnone-w0,g2-rnone-w0,1,1,
g2-rnone-w0,g2-rnone-w1,0,0,L=0|D=none|S=0@1
g2-rnone-w0,g2-rnone-w2,0,0,L=0|D=none|S=0@2
g2-rnone-w0,g2-rnone-w0-1,0,0,L=0|D=none|S=0@1
g2-rnone-w0,g2-rnone-w1-2,0,0,L=0|D=none|S=0@1
g2-rnone-w0,g2-r0-wnone,1,1,
g2-rnone-w0,g2-r0-w0,1,1,
g2-rnone-w0,g2-r0-w1,0,0,L=0|D=0@0|S=0@1
g2-rnone-w0,g2-r0-w2,0,0,L=0|D=0@0|S=0@2
g2-rnone-w0,g2-r0-w0-1,0,0,L=0|D=0@0|S=0@1
g2-rnone-w0,g2-r0-w1-2,0,0,L=0|D=0@0|S=0@1
g2-rnone-w0,g2-r1-wnone,1,1,
g2-rnone-w0,g2-r1-w0,1,1,
g2-rnone-w0,g2-r1-w1,0,0,L=0|D=0@1|S=0@1
g2-rnone-w0,g2-r1-w2,0,0,L=0|D=0@1|S=0@2
g2-rnone-w0,g2-r1-w0-1,0,0,L=0|D=0@1|S=0@1
g2-rnone-w0,g2-r1-w1-2,0,0,L=0|D=0@1|S=0@1
g2-rnone-w0,g2-r2-wnone,1,1,
g2-rnone-w0,g2-r2-w0,1,1,
g2-rnone-w0,g2-r2-w1,0,0,L=0|D=0@2|S=0@1
g2-rnone-w0,g2-r2-w2,0,0,L=0|D=0@2|S=0@2
g2-rnone-w0,g2-r2-w0-1,0,0,L=0|D=0@2|S=0@1
g2-rnone-w0,g2-r2-w1-2,0,0,L=0|D=0@2|S=0@1
g2-rnone-w0,g2-r0-1-wnone,1,1,
g2-rnone-w0,g2-r0-1-w0,1,1,
g2-rnone-w0,g2-r0-1-w1,0,0,L=0|D=0@0;0@1|S=0@1
g2-rnone-w0,g2-r0-1-w2,0,0,L=0|D=0@0;0@1|S=0@2
g2-rnone-w0,g2-r0-1-w0-1,0,0,L=0|D=0@0;0@1|S=0@1
g2-rnone-w0,g2-r0-1-w1-2,0,0,L=0|D=0@0;0@1|S=0@1
g2-rnone-w0,g2-r1-2-wnone,1,1,
g2-rnone-w0,g2-r1-2-w0,1,1,
g2-rnone-w0,g2-r1-2-w1,0,0,L=0|D=0@1;0@2|S=0@1
g2-rnone-w0,g2-r1-2-w2,0,0,L=0|D=0@1;0@2|S=0@2
g2-rnone-w0,g2-r1-2-w0-1,0,0,L=0|D=0@1;0@2|S=0@1
g2-rnone-w0,g2-r1-2-w1-2,0,0,L=0|D=0@1;0@2|S=0@1
g2-rnone-w1,g1-rnone-wnone,0,0,L=0-1|D=none|S=none
g2-rnone-w1,g1-rnone-w0,0,0,L=0|D=none|S=0@0
g2-rnone-w1,g1-rnone-w1,0,0,L=0-1|D=none|S=none
g2-rnone-w1,g1-rnone-w2,0,0,L=0|D=none|S=0@2
g2-rnone-w1,g1-r0-wnone,0,0,L=0-1|D=0@0;1@0|S=none
g2-rnone-w1,g1-r0-w0,0,0,L=0|D=0@0|S=0@0
g2-rnone-w1,g1-r0-w1,0,0,L=0-1|D=0@0;1@0|S=none
g2-rnone-w1,g1-r0-w2,0,0,L=0|D=0@0|S=0@2
g2-rnone-w1,g1-r1-wnone,0,0,L=0-1|D=0@1;1@1|S=none
g2-rnone-w1,g1-r1-w0,0,0,L=0|D=0@1|S=0@0
g2-rnone-w1,g1-r1-w1,0,0,L=0-1|D=0@1;1@1|S=none
g2-rnone-w1,g1-r1-w2,0,0,L=0|D=0@1|S=0@2
g2-rnone-w1,g1-r2-wnone,0,0,L=0-1|D=0@2;1@2|S=none
g2-rnone-w1,g1-r2-w0,0,0,L=0|D=0@2|S=0@0
g2-rnone-w1,g1-r2-w1,0,0,L=0-1|D=0@2;1@2|S=none
g2-rnone-w1,g1-r2-w2,0,0,L=0|D=0@2|S=0@2
g2-rnone-w1,g2-rnone-wnone,1,1,
g2-rnone-w1,g2-rnone-w0,0,0,L=0|D=none|S=0@0
g2-rnone-w1,g2-rnone-w1,1,1,
g2-rnone-w1,g2-rnone-w2,0,0,L=0|D=none|S=0@2
g2-rnone-w1,g2-rnone-w0-1,0,0,L=0|D=none|S=0@0
g2-rnone-w1,g2-rnone-w1-2,0,0,L=0|D=none|S=0@2
g2-rnone-w1,g2-r0-wnone,1,1,
g2-rnone-w1,g2-r0-w0,0,0,L=0|D=0@0|S=0@0
g2-rnone-w1,g2-r0-w1,1,1,
g2-rnone-w1,g2-r0-w2,0,0,L=0|D=0@0|S=0@2
g2-rnone-w1,g2-r0-w0-1,0,0,L=0|D=0@0|S=0@0
g2-rnone-w1,g2-r0-w1-2,0,0,L=0|D=0@0|S=0@2
g2-rnone-w1,g2-r1-wnone,1,1,
g2-rnone-w1,g2-r1-w0,0,0,L=0|D=0@1|S=0@0
g2-rnone-w1,g2-r1-w1,1,1,
g2-rnone-w1,g2-r1-w2,0,0,L=0|D=0@1|S=0@2
g2-rnone-w1,g2-r1-w0-1,0,0,L=0|D=0@1|S=0@0
g2-rnone-w1,g2-r1-w1-2,0,0,L=0|D=0@1|S=0@2
g2-rnone-w1,g2-r2-wnone,1,1,
g2-rnone-w1,g2-r2-w0,0,0,L=0|D=0@2|S=0@0
g2-rnone-w1,g2-r2-w1,1,1,
g2-rnone-w1,g2-r2-w2,0,0,L=0|D=0@2|S=0@2
g2-rnone-w1,g2-r2-w0-1,0,0,L=0|D=0@2|S=0@0
g2-rnone-w1,g2-r2-w1-2,0,0,L=0|D=0@2|S=0@2
g2-rnone-w1,g2-r0-1-wnone,1,1,
g2-rnone-w1,g2-r0-1-w0,0,0,L=0|D=0@0;0@1|S=0@0
g2-rnone-w1,g2-r0-1-w1,1,1,
g2-rnone-w1,g2-r0-1-w2,0,0,L=0|D=0@0;0@1|S=0@2
g2-rnone-w1,g2-r0-1-w0-1,0,0,L=0|D=0@0;0@1|S=0@0
g2-rnone-w1,g2-r0-1-w1-2,0,0,L=0|D=0@0;0@1|S=0@2
g2-rnone-w1,g2-r1-2-wnone,1,1,
g2-rnone-w1,g2-r1-2-w0,0,0,L=0|D=0@1;0@2|S=0@0
g2-rnone-w1,g2-r1-2-w1,1,1,
g2-rnone-w1,g2-r1-2-w2,0,0,L=0|D=0@1;0@2|S=0@2
g2-rnone-w1,g2-r1-2-w0-1,0,0,L=0|D=0@1;0@2|S=0@0
g2-rnone-w1,g2-r1-2-w1-2,0,0,L=0|D=0@1;0@2|S=0@2
g2-rnone-w2,g1-rnone-wnone,0,0,L=0-1|D=none|S=none
g2-rnone-w2,g1-rnone-w0,0,0,L=0|D=none|S=0@0
g2-rnone-w2,g1-rnone-w1,0,0,L=0|D=none|S=0@1
g2-rnone-w2,g1-rnone-w2,0,0,L=0-1|D=none|S=none
g2-rnone-w2,g1-r0-wnone,0,0,L=0-1|D=0@0;1@0|S=none
g2-rnone-w2,g1-r0-w0,0,0,L=0|D=0@0|S=0@0
g2-rnone-w2,g1-r0-w1,0,0,L=0|D=0@0|S=0@1
g2-rnone-w2,g1-r0-w2,0,0,L=0-1|D=0@0;1@0|S=none
g2-rnone-w2,g1-r1-wnone,0,0,L=0-1|D=0@1;1@1|S=none
g2-rnone-w2,g1-r1-w0,0,0,L=0|D=0@1|S=0@0
g2-rnone-w2,g1-r1-w1,0,0,L=0|D=0@1|S=0@1
g2-rnone-w2,g1-r1-w2,0,0,L=0-1|D=0@1;1@1|S=none
g2-rnone-w2,g1-r2-wnone,0,0,L=0-1|D=0@2;1@2|S=none
g2-rnone-w2,g1-r2-w0,0,0,L=0|D=0@2|S=0@0
g2-rnone-w2,g1-r2-w1,0,0,L=0|D=0@2|S=0@1
g2-rnone-w2,g1-r2-w2,0,0,L=0-1|D=0@2;1@2|S=none
g2-rnone-w2,g2-rnone-wnone,1,1,
g2-rnone-w2,g2-rnone-w0,0,0,L=0|D=none|S=0@0
g2-rnone-w2,g2-rnone-w1,0,0,L=0|D=none|S=0@1
g2-rnone-w2,g2-rnone-w2,1,1,
g2-rnone-w2,g2-rnone-w0-1,0,0,L=0|D=none|S=0@0
g2-rnone-w2,g2-rnone-w1-2,0,0,L=0|D=none|S=0@1
g2-rnone-w2,g2-r0-wnone,1,1,
g2-rnone-w2,g2-r0-w0,0,0,L=0|D=0@0|S=0@0
g2-rnone-w2,g2-r0-w1,0,0,L=0|D=0@0|S=0@1
g2-rnone-w2,g2-r0-w2,1,1,
g2-rnone-w2,g2-r0-w0-1,0,0,L=0|D=0@0|S=0@0
g2-rnone-w2,g2-r0-w1-2,0,0,L=0|D=0@0|S=0@1
g2-rnone-w2,g2-r1-wnone,1,1,
g2-rnone-w2,g2-r1-w0,0,0,L=0|D=0@1|S=0@0
g2-rnone-w2,g2-r1-w1,0,0,L=0|D=0@1|S=0@1
g2-rnone-w2,g2-r1-w2,1,1,
g2-rnone-w2,g2-r1-w0-1,0,0,L=0|D=0@1|S=0@0
g2-rnone-w2,g2-r1-w1-2,0,0,L=0|D=0@1|S=0@1
g2-rnone-w2,g2-r2-wnone,1,1,
g2-rnone-w2,g2-r2-w0,0,0,L=0|D=0@2|S=0@0
g2-rnone-w2,g2-r2-w1,0,0,L=0|D=0@2|S=0@1
g2-rnone-w2,g2-r2-w2,1,1,
g2-rnone-w2,g2-r2-w0-1,0,0,L=0|D=0@2|S=0@0
g2-rnone-w2,g2-r2-w1-2,0,0,L=0|D=0@2|S=0@1
g2-rnone-w2,g2-r0-1-wnone,1,1,
g2-rnone-w2,g2-r0-1-w0,0,0,L=0|D=0@0;0@1|S=0@0
g2-rnone-w2,g2-r0-1-w1,0,0,L=0|D=0@0;0@1|S=0@1
g2-rnone-w2,g2-r0-1-w2,1,1,
g2-rnone-w2,g2-r0-1-w0-1,0,0,L=0|D=0@0;0@1|S=0@0
g2-rnone-w2,g2-r0-1-w1-2,0,0,L=0|D=0@0;0@1|S=0@1
g2-rnone-w2,g2-r1-2-wnone,1,1,
g2-rnone-w2,g2-r1-2-w0,0,0,L=0|D=0@1;0@2|S=0@0
g2-rnone-w2,g2-r1-2-w1,0,0,L=0|D=0@1;0@2|S=0@1
g2-rnone-w2,g2-r1-2-w2,1,1,
g2-rnone-w2,g2-r1-2-w0-1,0,0,L=0|D=0@1;0@2|S=0@0
g2-rnone-w2,g2-r1-2-w1-2,0,0,L=0|D=0@1;0@2|S=0@1
g2-rnone-w0-1,g1-rnone-wnone,0,0,L=0-1|D=none|S=none
g2-rnone-w0-1,g1-rnone-w0,0,0,L=0-1|D=none|S=none
g2-rnone-w0-1,g1-rnone-w1,0,0,L=0-1|D=none|S=none
g2-rnone-w0-1,g1-rnone-w2,0,0,L=0|D=none|S=0@2
g2-rnone-w0-1,g1-r0-wnone,0,0,L=0-1|D=0@0;1@0|S=none
g2-rnone-w0-1,g1-r0-w0,0,0,L=0-1|D=0@0;1@0|S=none
g2-rnone-w0-1,g1-r0-w1,0,0,L=0-1|D=0@0;1@0|S=none
g2-rnone-w0-1,g1-r0-w2,0,0,L=0|D=0@0|S=0@2
g2-rnone-w0-1,g1-r1-wnone,0,0,L=0-1|D=0@1;1@1|S=none
g2-rnone-w0-1,g1-r1-w0,0,0,L=0-1|D=0@1;1@1|S=none
g2-rnone-w0-1,g1-r1-w1,0,0,L=0-1|D=0@1;1@1|S=none
g2-rnone-w0-1,g1-r1-w2,0,0,L=0|D=0@1|S=0@2
g2-rnone-w0-1,g1-r2-wnone,0,0,L=0-1|D=0@2;1@2|S=none
g2-rnone-w0-1,g1-r2-w0,0,0,L=0-1|D=0@2;1@2|S=none
g2-rnone-w0-1,g1-r2-w1,0,0,L=0-1|D=0@2;1@2|S=none
g2-rnone-w0-1,g1-r2-w2,0,0,L=0|D=0@2|S=0@2
g2-rnone-w0-1,g2-rnone-wnone,1,1,
g2-rnone-w0-1,g2-rnone-w0,1,1,
g2-rnone-w0-1,g2-rnone-w1,1,1,
g2-rnone-w0-1,g2-rnone-w2,0,0,L=0|D=none|S=0@2
g2-rnone-w0-1,g2-rnone-w0-1,1,1,
g2-rnone-w0-1,g2-rnone-w1-2,0,0,L=0|D=none|S=0@2
g2-rnone-w0-1,g2-r0-wnone,1,1,
g2-rnone-w0-1,g2-r0-w0,1,1,
g2-rnone-w0-1,g2-r0-w1,1,1,
g2-rnone-w0-1,g2-r0-w2,0,0,L=0|D=0@0|S=0@2
g2-rnone-w0-1,g2-r0-w0-1,1,1,
g2-rnone-w0-1,g2-r0-w1-2,0,0,L=0|D=0@0|S=0@2
g2-rnone-w0-1,g2-r1-wnone,1,1,
g2-rnone-w0-1,g2-r1-w0,1,1,
g2-rnone-w0-1,g2-r1-w1,1,1,
g2-rnone-w0-1,g2-r1-w2,0,0,L=0|D=0@1|S=0@2
g2-rnone-w0-1,g2-r1-w0-1,1,1,
g2-rnone-w0-1,g2-r1-w1-2,0,0,L=0|D=0@1|S=0@2
g2-rnone-w0-1,g2-r2-wnone,1,1,
g2-rnone-w0-1,g2-r2-w0,1,1,
g2-rnone-w0-1,g2-r2-w1,1,1,
g2-rnone-w0-1,g2-r2-w2,0,0,L=0|D=0@2|S=0@2
g2-rnone-w0-1,g2-r2-w0-1,1,1,
g2-rnone-w0-1,g2-r2-w1-2,0,0,L=0|D=0@2|S=0@2
g2-rnone-w0-1,g2-r0-1-wnone,1,1,
g2-rnone-w0-1,g2-r0-1-w0,1,1,
g2-rnone-w0-1,g2-r0-1-w1,1,1,
g2-rnone-w0-1,g2-r0-1-w2,0,0,L=0|D=0@0;0@1|S=0@2
g2-rnone-w0-1,g2-r0-1-w0-1,1,1,
g2-rnone-w0-1,g2-r0-1-w1-2,0,0,L=0|D=0@0;0@1|S=0@2
g2-rnone-w0-1,g2-r1-2-wnone,1,1,
g2-rnone-w0-1,g2-r1-2-w0,1,1,
g2-rnone-w0-1,g2-r1-2-w1,1,1,
g2-rnone-w0-1,g2-r1-2-w2,0,0,L=0|D=0@1;0@2|S=0@2
g2-rnone-w0-1,g2-r1-2-w0-1,1,1,
g2-rnone-w0-1,g2-r1-2-w1-2,0,0,L=0|D=0@1;0@2|S=0@2
g2-rnone-w1-2,g1-rnone-wnone,0,0,L=0-1|D=none|S=none
g2-rnone-w1-2,g1-rnone-w0,0,0,L=0|D=none|S=0@0
g2-rnone-w1-2,g1-rnone-w1,0,0,L=0-1|D=none|S=none
g2-rnone-w1-2,g1-rnone-w2,0,0,L=0-1|D=none|S=none
g2-rnone-w1-2,g1-r0-wnone,0,0,L=0-1|D=0@0;1@0|S=none
g2-rnone-w1-2,g1-r0-w0,0,0,L=0|D=0@0|S=0@0
g2-rnone-w1-2,g1-r0-w1,0,0,L=0-1|D=0@0;1@0|S=none
g2-rnone-w1-2,g1-r0-w2,0,0,L=0-1|D=0@0;1@0|S=none
g2-rnone-w1-2,g1-r1-wnone,0,0,L=0-1|D=0@1;1@1|S=none
g2-rnone-w1-2,g1-r1-w0,0,0,L=0|D=0@1|S=0@0
g2-rnone-w1-2,g1-r1-w1,0,0,L=0-1|D=0@1;1@1|S=none
g2-rnone-w1-2,g1-r1-w2,0,0,L=0-1|D=0@1;1@1|S=none
g2-rnone-w1-2,g1-r2-wnone,0,0,L=0-1|D=0@2;1@2|S=none
g2-rnone-w1-2,g1-r2-w0,0,0,L=0|D=0@2|S=0@0
g2-rnone-w1-2,g1-r2-w1,0,0,L=0-1|D=0@2;1@2|S=none
g2-rnone-w1-2,g1-r2-w2,0,0,L=0-1|D=0@2;1@2|S=none
g2-rnone-w1-2,g2-rnone-wnone,1,1,
g2-rnone-w1-2,g2-rnone-w0,0,0,L=0|D=none|S=0@0
g2-rnone-w1-2,g2-rnone-w1,1,1,
g2-rnone-w1-2,g2-rnone-w2,1,1,
g2-rnone-w1-2,g2-rnone-w0-1,0,0,L=0|D=none|S=0@0
g2-rnone-w1-2,g2-rnone-w1-2,1,1,
g2-rnone-w1-2,g2-r0-wnone,1,1,
g2-rnone-w1-2,g2-r0-w0,0,0,L=0|D=0@0|S=0@0
g2-rnone-w1-2,g2-r0-w1,1,1,
g2-rnone-w1-2,g2-r0-w2,1,1,
g2-rnone-w1-2,g2-r0-w0-1,0,0,L=0|D=0@0|S=0@0
g2-rnone-w1-2,g2-r0-w1-2,1,1,
g2-rnone-w1-2,g2-r1-wnone,1,1,
g2-rnone-w1-2,g2-r1-w0,0,0,L=0|D=0@1|S=0@0
g2-rnone-w1-2,g2-r1-w1,1,1,
g2-rnone-w1-2,g2-r1-w2,1,1,
g2-rnone-w1-2,g2-r1-w0-1,0,0,L=0|D=0@1|S=0@0
g2-rnone-w1-2,g2-r1-w1-2,1,1,
g2-rnone-w1-2,g2-r2-wnone,1,1,
g2-rnone-w1-2,g2-r2-w0,0,0,L=0|D=0@2|S=0@0
g2-rnone-w1-2,g2-r2-w1,1,1,
g2-rnone-w1-2,g2-r2-w2,1,1,
g2-rnone-w1-2,g2-r2-w0-1,0,0,L=0|D=0@2|S=0@0
g2-rnone-w1-2,g2-r2-w1-2,1,1,
g2-rnone-w1-2,g2-r0-1-wnone,1,1,
g2-rnone-w1-2,g2-r0-1-w0,0,0,L=0|D=0@0;0@1|S=0@0
g2-rnone-w1-2,g2-r0-1-w1,1,1,
g2-rnone-w1-2,g2-r0-1-w2,1,1,
g2-rnone-w1-2,g2-r0-1-w0-1,0,0,L=0|D=0@0;0@1|S=0@0
g2-rnone-w1-2,g2-r0-1-w1-2,1,1,
g2-rnone-w1-2,g2-r1-2-wnone,1,1,
g2-rnone-w1-2,g2-r1-2-w0,0,0,L=0|D=0@1;0@2|S=0@0
g2-rnone-w1-2,g2-r1-2-w1,1,1,
g2-rnone-w1-2,g2-r1-2-w2,1,1,
g2-rnone-w1-2,g2-r1-2-w0-1,0,0,L=0|D=0@1;0@2|S=0@0
g2-rnone-w1-2,g2-r1-2-w1-2,1,1,
g2-r0-wnone,g1-rnone-wnone,0,0,L=0|D=none|S=none
g2-r0-wnone,g1-rnone-w0,0,0,L=0|D=none|S=none
g2-r0-wnone,g1-rnone-w1,0,0,L=0|D=none|S=none
g2-r0-wnone,g1-rnone-w2,0,0,L=0|D=none|S=none
g2-r0-wnone,g1-r0-wnone,0,0,L=0-1|D=0@0;1@0|S=none
g2-r0-wnone,g1-r0-w0,0,0,L=0|D=0@0|S=0@0
g2-r0-wnone,g1-r0-w1,0,0,L=0|D=0@0|S=0@1
g2-r0-wnone,g1-r0-w2,0,0,L=0|D=0@0|S=0@2
g2-r0-wnone,g1-r1-wnone,0,0,L=0|D=0@1|S=none
g2-r0-wnone,g1-r1-w0,0,0,L=0|D=0@1|S=none
g2-r0-wnone,g1-r1-w1,0,0,L=0|D=0@1|S=none
g2-r0-wnone,g1-r1-w2,0,0,L=0|D=0@1|S=none
g2-r0-wnone,g1-r2-wnone,0,0,L=0|D=0@2|S=none
g2-r0-wnone,g1-r2-w0,0,0,L=0|D=0@2|S=none
g2-r0-wnone,g1-r2-w1,0,0,L=0|D=0@2|S=none
g2-r0-wnone,g1-r2-w2,0,0,L=0|D=0@2|S=none
g2-r0-wnone,g2-rnone-wnone,0,0,L=0|D=none|S=none
g2-r0-wnone,g2-rnone-w0,0,0,L=0|D=none|S=none
g2-r0-wnone,g2-rnone-w1,0,0,L=0|D=none|S=none
g2-r0-wnone,g2-rnone-w2,0,0,L=0|D=none|S=none
g2-r0-wnone,g2-rnone-w0-1,0,0,L=0|D=none|S=none
g2-r0-wnone,g2-rnone-w1-2,0,0,L=0|D=none|S=none
g2-r0-wnone,g2-r0-wnone,1,1,
g2-r0-wnone,g2-r0-w0,0,0,L=0|D=0@0|S=0@0
g2-r0-wnone,g2-r0-w1,0,0,L=0|D=0@0|S=0@1
g2-r0-wnone,g2-r0-w2,0,0,L=0|D=0@0|S=0@2
g2-r0-wnone,g2-r0-w0-1,0,0,L=0|D=0@0|S=0@0
g2-r0-wnone,g2-r0-w1-2,0,0,L=0|D=0@0|S=0@1
g2-r0-wnone,g2-r1-wnone,0,0,L=0|D=0@1|S=none
g2-r0-wnone,g2-r1-w0,0,0,L=0|D=0@1|S=none
g2-r0-wnone,g2-r1-w1,0,0,L=0|D=0@1|S=none
g2-r0-wnone,g2-r1-w2,0,0,L=0|D=0@1|S=none
g2-r0-wnone,g2-r1-w0-1,0,0,L=0|D=0@1|S=none
g2-r0-wnone,g2-r1-w1-2,0,0,L=0|D=0@1|S=none
g2-r0-wnone,g2-r2-wnone,0,0,L=0|D=0@2|S=none
g2-r0-wnone,g2-r2-w0,0,0,L=0|D=0@2|S=none
g2-r0-wnone,g2-r2-w1,0,0,L=0|D=0@2|S=none
g2-r0-wnone,g2-r2-w2,0,0,L=0|D=0@2|S=none
g2-r0-wnone,g2-r2-w0-1,0,0,L=0|D=0@2|S=none
g2-r0-wnone,g2-r2-w1-2,0,0,L=0|D=0@2|S=none
g2-r0-wnone,g2-r0-1-wnone,1,1,
g2-r0-wnone,g2-r0-1-w0,0,0,L=0|D=0@0;0@1|S=0@0
g2-r0-wnone,g2-r0-1-w1,0,0,L=0|D=0@0;0@1|S=0@1
g2-r0-wnone,g2-r0-1-w2,0,0,L=0|D=0@0;0@1|S=0@2
g2-r0-wnone,g2-r0-1-w0-1,0,0,L=0|D=0@0;0@1|S=0@0
g2-r0-wnone,g2-r0-1-w1-2,0,0,L=0|D=0@0;0@1|S=0@1
g2-r0-wnone,g2-r1-2-wnone,0,0,L=0|D=0@1;0@2|S=none
g2-r0-wnone,g2-r1-2-w0,0,0,L=0|D=0@1;0@2|S=none
g2-r0-wnone,g2-r1-2-w1,0,0,L=0|D=0@1;0@2|S=none
g2-r0-wnone,g2-r1-2-w2,0,0,L=0|D=0@1;0@2|S=none
g2-r0-wnone,g2-r1-2-w0-1,0,0,L=0|D=0@1;0@2|S=none
g2-r0-wnone,g2-r1-2-w1-2,0,0,L=0|D=0@1;0@2|S=none
g2-r0-w0,g1-rnone-wnone,0,0,L=0|D=none|S=none
g2-r0-w0,g1-rnone-w0,0,0,L=0|D=none|S=none
g2-r0-w0,g1-rnone-w1,0,0,L=0|D=none|S=none
g2-r0-w0,g1-rnone-w2,0,0,L=0|D=none|S=none
g2-r0-w0,g1-r0-wnone,0,0,L=0-1|D=0@0;1@0|S=none
g2-r0-w0,g1-r0-w0,0,0,L=0-1|D=0@0;1@0|S=none
g2-r0-w0,g1-r0-w1,0,0,L=0|D=0@0|S=0@1
g2-r0-w0,g1-r0-w2,0,0,L=0|D=0@0|S=0@2
g2-r0-w0,g1-r1-wnone,0,0,L=0|D=0@1|S=none
g2-r0-w0,g1-r1-w0,0,0,L=0|D=0@1|S=none
g2-r0-w0,g1-r1-w1,0,0,L=0|D=0@1|S=none
g2-r0-w0,g1-r1-w2,0,0,L=0|D=0@1|S=none
g2-r0-w0,g1-r2-wnone,0,0,L=0|D=0@2|S=none
g2-r0-w0,g1-r2-w0,0,0,L=0|D=0@2|S=none
g2-r0-w0,g1-r2-w1,0,0,L=0|D=0@2|S=none
g2-r0-w0,g1-r2-w2,0,0,L=0|D=0@2|S=none
g2-r0-w0,g2-rnone-wnone,0,0,L=0|D=none|S=none
g2-r0-w0,g2-rnone-w0,0,0,L=0|D=none|S=none
g2-r0-w0,g2-rnone-w1,0,0,L=0|D=none|S=none
g2-r0-w0,g2-rnone-w2,0,0,L=0|D=none|S=none
g2-r0-w0,g2-rnone-w0-1,0,0,L=0|D=none|S=none
g2-r0-w0,g2-rnone-w1-2,0,0,L=0|D=none|S=none
g2-r0-w0,g2-r0-wnone,1,1,
g2-r0-w0,g2-r0-w0,1,1,
g2-r0-w0,g2-r0-w1,0,0,L=0|D=0@0|S=0@1
g2-r0-w0,g2-r0-w2,0,0,L=0|D=0@0|S=0@2
g2-r0-w0,g2-r0-w0-1,0,0,L=0|D=0@0|S=0@1
g2-r0-w0,g2-r0-w1-2,0,0,L=0|D=0@0|S=0@1
g2-r0-w0,g2-r1-wnone,0,0,L=0|D=0@1|S=none
g2-r0-w0,g2-r1-w0,0,0,L=0|D=0@1|S=none
g2-r0-w0,g2-r1-w1,0,0,L=0|D=0@1|S=none
g2-r0-w0,g2-r1-w2,0,0,L=0|D=0@1|S=none
g2-r0-w0,g2-r1-w0-1,0,0,L=0|D=0@1|S=none
g2-r0-w0,g2-r1-w1-2,0,0,L=0|D=0@1|S=none
g2-r0-w0,g2-r2-wnone,0,0,L=0|D=0@2|S=none
g2-r0-w0,g2-r2-w0,0,0,L=0|D=0@2|S=none
g2-r0-w0,g2-r2-w1,0,0,L=0|D=0@2|S=none
g2-r0-w0,g2-r2-w2,0,0,L=0|D=0@2|S=none
g2-r0-w0,g2-r2-w0-1,0,0,L=0|D=0@2|S=none
g2-r0-w0,g2-r2-w1-2,0,0,L=0|D=0@2|S=none
g2-r0-w0,g2-r0-1-wnone,1,1,
g2-r0-w0,g2-r0-1-w0,1,1,
g2-r0-w0,g2-r0-1-w1,0,0,L=0|D=0@0;0@1|S=0@1
g2-r0-w0,g2-r0-1-w2,0,0,L=0|D=0@0;0@1|S=0@2
g2-r0-w0,g2-r0-1-w0-1,0,0,L=0|D=0@0;0@1|S=0@1
g2-r0-w0,g2-r0-1-w1-2,0,0,L=0|D=0@0;0@1|S=0@1
g2-r0-w0,g2-r1-2-wnone,0,0,L=0|D=0@1;0@2|S=none
g2-r0-w0,g2-r1-2-w0,0,0,L=0|D=0@1;0@2|S=none
g2-r0-w0,g2-r1-2-w1,0,0,L=0|D=0@1;0@2|S=none
g2-r0-w0,g2-r1-2-w2,0,0,L=0|D=0@1;0@2|S=none
g2-r0-w0,g2-r1-2-w0-1,0,0,L=0|D=0@1;0@2|S=none
g2-r0-w0,g2-r1-2-w1-2,0,0,L=0|D=0@1;0@2|S=none
g2-r0-w1,g1-rnone-wnone,0,0,L=0|D=none|S=none
g2-r0-w1,g1-rnone-w0,0,0,L=0|D=none|S=none
g2-r0-w1,g1-rnone-w1,0,0,L=0|D=none|S=none
g2-r0-w1,g1-rnone-w2,0,0,L=0|D=none|S=none
g2-r0-w1,g1-r0-wnone,0,0,L=0-1|D=0@0;1@0|S=none
g2-r0-w1,g1-r0-w0,0,0,L=0|D=0@0|S=0@0
g2-r0-w1,g1-r0-w1,0,0,L=0-1|D=0@0;1@0|S=none
g2-r0-w1,g1-r0-w2,0,0,L=0|D=0@0|S=0@2
g2-r0-w1,g1-r1-wnone,0,0,L=0|D=0@1|S=none
g2-r0-w1,g1-r1-w0,0,0,L=0|D=0@1|S=none
g2-r0-w1,g1-r1-w1,0,0,L=0|D=0@1|S=none
g2-r0-w1,g1-r1-w2,0,0,L=0|D=0@1|S=none
g2-r0-w1,g1-r2-wnone,0,0,L=0|D=0@2|S=none
g2-r0-w1,g1-r2-w0,0,0,L=0|D=0@2|S=none
g2-r0-w1,g1-r2-w1,0,0,L=0|D=0@2|S=none
g2-r0-w1,g1-r2-w2,0,0,L=0|D=0@2|S=none
g2-r0-w1,g2-rnone-wnone,0,0,L=0|D=none|S=none
g2-r0-w1,g2-rnone-w0,0,0,L=0|D=none|S=none
g2-r0-w1,g2-rnone-w1,0,0,L=0|D=none|S=none
g2-r0-w1,g2-rnone-w2,0,0,L=0|D=none|S=none
g2-r0-w1,g2-rnone-w0-1,0,0,L=0|D=none|S=none
g2-r0-w1,g2-rnone-w1-2,0,0,L=0|D=none|S=none
g2-r0-w1,g2-r0-wnone,1,1,
g2-r0-w1,g2-r0-w0,0,0,L=0|D=0@0|S=0@0
g2-r0-w1,g2-r0-w1,1,1,
g2-r0-w1,g2-r0-w2,0,0,L=0|D=0@0|S=0@2
g2-r0-w1,g2-r0-w0-1,0,0,L=0|D=0@0|S=0@0
g2-r0-w1,g2-r0-w1-2,0,0,L=0|D=0@0|S=0@2
g2-r0-w1,g2-r1-wnone,0,0,L=0|D=0@1|S=none
g2-r0-w1,g2-r1-w0,0,0,L=0|D=0@1|S=none
g2-r0-w1,g2-r1-w1,0,0,L=0|D=0@1|S=none
g2-r0-w1,g2-r1-w2,0,0,L=0|D=0@1|S=none
g2-r0-w1,g2-r1-w0-1,0,0,L=0|D=0@1|S=none
g2-r0-w1,g2-r1-w1-2,0,0,L=0|D=0@1|S=none
g2-r0-w1,g2-r2-wnone,0,0,L=0|D=0@2|S=none
g2-r0-w1,g2-r2-w0,0,0,L=0|D=0@2|S=none
g2-r0-w1,g2-r2-w1,0,0,L=0|D=0@2|S=none
g2-r0-w1,g2-r2-w2,0,0,L=0|D=0@2|S=none
g2-r0-w1,g2-r2-w0-1,0,0,L=0|D=0@2|S=none
g2-r0-w1,g2-r2-w1-2,0,0,L=0|D=0@2|S=none
g2-r0-w1,g2-r0-1-wnone,1,1,
g2-r0-w1,g2-r0-1-w0,0,0,L=0|D=0@0;0@1|S=0@0
g2-r0-w1,g2-r0-1-w1,1,1,
g2-r0-w1,g2-r0-1-w2,0,0,L=0|D=0@0;0@1|S=0@2
g2-r0-w1,g2-r0-1-w0-1,0,0,L=0|D=0@0;0@1|S=0@0
g2-r0-w1,g2-r0-1-w1-2,0,0,L=0|D=0@0;0@1|S=0@2
g2-r0-w1,g2-r1-2-wnone,0,0,L=0|D=0@1;0@2|S=none
g2-r0-w1,g2-r1-2-w0,0,0,L=0|D=0@1;0@2|S=none
g2-r0-w1,g2-r1-2-w1,0,0,L=0|D=0@1;0@2|S=none
g2-r0-w1,g2-r1-2-w2,0,0,L=0|D=0@1;0@2|S=none
g2-r0-w1,g2-r1-2-w0-1,0,0,L=0|D=0@1;0@2|S=none
g2-r0-w1,g2-r1-2-w1-2,0,0,L=0|D=0@1;0@2|S=none
g2-r0-w2,g1-rnone-wnone,0,0,L=0|D=none|S=none
g2-r0-w2,g1-rnone-w0,0,0,L=0|D=none|S=none
g2-r0-w2,g1-rnone-w1,0,0,L=0|D=none|S=none
g2-r0-w2,g1-rnone-w2,0,0,L=0|D=none|S=none
g2-r0-w2,g1-r0-wnone,0,0,L=0-1|D=0@0;1@0|S=none
g2-r0-w2,g1-r0-w0,0,0,L=0|D=0@0|S=0@0
g2-r0-w2,g1-r0-w1,0,0,L=0|D=0@0|S=0@1
g2-r0-w2,g1-r0-w2,0,0,L=0-1|D=0@0;1@0|S=none
g2-r0-w2,g1-r1-wnone,0,0,L=0|D=0@1|S=none
g2-r0-w2,g1-r1-w0,0,0,L=0|D=0@1|S=none
g2-r0-w2,g1-r1-w1,0,0,L=0|D=0@1|S=none
g2-r0-w2,g1-r1-w2,0,0,L=0|D=0@1|S=none
g2-r0-w2,g1-r2-wnone,0,0,L=0|D=0@2|S=none
g2-r0-w2,g1-r2-w0,0,0,L=0|D=0@2|S=none
g2-r0-w2,g1-r2-w1,0,0,L=0|D=0@2|S=none
g2-r0-w2,g1-r2-w2,0,0,L=0|D=0@2|S=none
g2-r0-w2,g2-rnone-wnone,0,0,L=0|D=none|S=none
g2-r0-w2,g2-rnone-w0,0,0,L=0|D=none|S=none
g2-r0-w2,g2-rnone-w1,0,0,L=0|D=none|S=none
g2-r0-w2,g2-rnone-w2,0,0,L=0|D=none|S=none
g2-r0-w2,g2-rnone-w0-1,0,0,L=0|D=none|S=none
g2-r0-w2,g2-rnone-w1-2,0,0,L=0|D=none|S=none
g2-r0-w2,g2-r0-wnone,1,1,
g2-r0-w2,g2-r0-w0,0,0,L=0|D=0@0|S=0@0
g2-r0-w2,g2-r0-w1,0,0,L=0|D=0@0|S=0@1
g2-r0-w2,g2-r0-w2,1,1,
g2-r0-w2,g2-r0-w0-1,0,0,L=0|D=0@0|S=0@0
g2-r0-w2,g2-r0-w1-2,0,0,L=0|D=0@0|S=0@1
g2-r0-w2,g2-r1-wnone,0,0,L=0|D=0@1|S=none
g2-r0-w2,g2-r1-w0,0,0,L=0|D=0@1|S=none
g2-r0-w2,g2-r1-w1,0,0,L=0|D=0@1|S=none
g2-r0-w2,g2-r1-w2,0,0,L=0|D=0@1|S=none
g2-r0-w2,g2-r1-w0-1,0,0,L=0|D=0@1|S=none
g2-r0-w2,g2-r1-w1-2,0,0,L=0|D=0@1|S=none
g2-r0-w2,g2-r2-wnone,0,0,L=0|D=0@2|S=none
g2-r0-w2,g2-r2-w0,0,0,L=0|D=0@2|S=none
g2-r0-w2,g2-r2-w1,0,0,L=0|D=0@2|S=none
g2-r0-w2,g2-r2-w2,0,0,L=0|D=0@2|S=none
g2-r0-w2,g2-r2-w0-1,0,0,L=0|D=0@2|S=none
g2-r0-w2,g2-r2-w1-2,0,0,L=0|D=0@2|S=none
g2-r0-w2,g2-r0-1-wnone,1,1,
g2-r0-w2,g2-r0-1-w0,0,0,L=0|D=0@0;0@1|S=0@0
g2-r0-w2,g2-r0-1-w1,0,0,L=0|D=0@0;0@1|S=0@1
g2-r0-w2,g2-r0-1-w2,1,1,
g2-r0-w2,g2-r0-1-w0-1,0,0,L=0|D=0@0;0@1|S=0@0
g2-r0-w2,g2-r0-1-w1-2,0,0,L=0|D=0@0;0@1|S=0@1
g2-r0-w2,g2-r1-2-wnone,0,0,L=0|D=0@1;0@2|S=none
g2-r0-w2,g2-r1-2-w0,0,0,L=0|D=0@1;0@2|S=none
g2-r0-w2,g2-r1-2-w1,0,0,L=0|D=0@1;0@2|S=none
g2-r0-w2,g2-r1-2-w2,0,0,L=0|D=0@1;0@2|S=none
g2-r0-w2,g2-r1-2-w0-1,0,0,L=0|D=0@1;0@2|S=none
g2-r0-w2,g2-r1-2-w1-2,0,0,L=0|D=0@1;0@2|S=none
g2-r0-w0-1,g1-rnone-wnone,0,0,L=0|D=none|S=none
g2-r0-w0-1,g1-rnone-w0,0,0,L=0|D=none|S=none
g2-r0-w0-1,g1-rnone-w1,0,0,L=0|D=none|S=none
g2-r0-w0-1,g1-rnone-w2,0,0,L=0|D=none|S=none
g2-r0-w0-1,g1-r0-wnone,0,0,L=0-1|D=0@0;1@0|S=none
g2-r0-w0-1,g1-r0-w0,0,0,L=0-1|D=0@0;1@0|S=none
g2-r0-w0-1,g1-r0-w1,0,0,L=0-1|D=0@0;1@0|S=none
g2-r0-w0-1,g1-r0-w2,0,0,L=0|D=0@0|S=0@2
g2-r0-w0-1,g1-r1-wnone,0,0,L=0|D=0@1|S=none
g2-r0-w0-1,g1-r1-w0,0,0,L=0|D=0@1|S=none
g2-r0-w0-1,g1-r1-w1,0,0,L=0|D=0@1|S=none
g2-r0-w0-1,g1-r1-w2,0,0,L=0|D=0@1|S=none
g2-r0-w0-1,g1-r2-wnone,0,0,L=0|D=0@2|S=none
g2-r0-w0-1,g1-r2-w0,0,0,L=0|D=0@2|S=none
g2-r0-w0-1,g1-r2-w1,0,0,L=0|D=0@2|S=none
g2-r0-w0-1,g1-r2-w2,0,0,L=0|D=0@2|S=none
g2-r0-w0-1,g2-rnone-wnone,0,0,L=0|D=none|S=none
g2-r0-w0-1,g2-rnone-w0,0,0,L=0|D=none|S=none
g2-r0-w0-1,g2-rnone-w1,0,0,L=0|D=none|S=none
g2-r0-w0-1,g2-rnone-w2,0,0,L=0|D=none|S=none
g2-r0-w0-1,g2-rnone-w0-1,0,0,L=0|D=none|S=none
g2-r0-w0-1,g2-rnone-w1-2,0,0,L=0|D=none|S=none
g2-r0-w0-1,g2-r0-wnone,1,1,
g2-r0-w0-1,g2-r0-w0,1,1,
g2-r0-w0-1,g2-r0-w1,1,1,
g2-r0-w0-1,g2-r0-w2,0,0,L=0|D=0@0|S=0@2
g2-r0-w0-1,g2-r0-w0-1,1,1,
g2-r0-w0-1,g2-r0-w1-2,0,0,L=0|D=0@0|S=0@2
g2-r0-w0-1,g2-r1-wnone,0,0,L=0|D=0@1|S=none
g2-r0-w0-1,g2-r1-w0,0,0,L=0|D=0@1|S=none
g2-r0-w0-1,g2-r1-w1,0,0,L=0|D=0@1|S=none
g2-r0-w0-1,g2-r1-w2,0,0,L=0|D=0@1|S=none
g2-r0-w0-1,g2-r1-w0-1,0,0,L=0|D=0@1|S=none
g2-r0-w0-1,g2-r1-w1-2,0,0,L=0|D=0@1|S=none
g2-r0-w0-1,g2-r2-wnone,0,0,L=0|D=0@2|S=none
g2-r0-w0-1,g2-r2-w0,0,0,L=0|D=0@2|S=none
g2-r0-w0-1,g2-r2-w1,0,0,L=0|D=0@2|S=none
g2-r0-w0-1,g2-r2-w2,0,0,L=0|D=0@2|S=none
g2-r0-w0-1,g2-r2-w0-1,0,0,L=0|D=0@2|S=none
g2-r0-w0-1,g2-r2-w1-2,0,0,L=0|D=0@2|S=none
g2-r0-w0-1,g2-r0-1-wnone,1,1,
g2-r0-w0-1,g2-r0-1-w0,1,1,
g2-r0-w0-1,g2-r0-1-w1,1,1,
g2-r0-w0-1,g2-r0-1-w2,0,0,L=0|D=0@0;0@1|S=0@2
g2-r0-w0-1,g2-r0-1-w0-1,1,1,
g2-r0-w0-1,g2-r0-1-w1-2,0,0,L=0|D=0@0;0@1|S=0@2
g2-r0-w0-1,g2-r1-2-wnone,0,0,L=0|D=0@1;0@2|S=none
g2-r0-w0-1,g2-r1-2-w0,0,0,L=0|D=0@1;0@2|S=none
g2-r0-w0-1,g2-r1-2-w1,0,0,L=0|D=0@1;0@2|S=none
g2-r0-w0-1,g2-r1-2-w2,0,0,L=0|D=0@1;0@2|S=none
g2-r0-w0-1,g2-r1-2-w0-1,0,0,L=0|D=0@1;0@2|S=none
g2-r0-w0-1,g2-r1-2-w1-2,0,0,L=0|D=0@1;0@2|S=none
g2-r0-w1-2,g1-rnone-wnone,0,0,L=0|D=none|S=none
g2-r0-w1-2,g1-rnone-w0,0,0,L=0|D=none|S=none
g2-r0-w1-2,g1-rnone-w1,0,0,L=0|D=none|S=none
g2-r0-w1-2,g1-rnone-w2,0,0,L=0|D=none|S=none
g2-r0-w1-2,g1-r0-wnone,0,0,L=0-1|D=0@0;1@0|S=none
g2-r0-w1-2,g1-r0-w0,0,0,L=0|D=0@0|S=0@0
g2-r0-w1-2,g1-r0-w1,0,0,L=0-1|D=0@0;1@0|S=none
g2-r0-w1-2,g1-r0-w2,0,0,L=0-1|D=0@0;1@0|S=none
g2-r0-w1-2,g1-r1-wnone,0,0,L=0|D=0@1|S=none
g2-r0-w1-2,g1-r1-w0,0,0,L=0|D=0@1|S=none
g2-r0-w1-2,g1-r1-w1,0,0,L=0|D=0@1|S=none
g2-r0-w1-2,g1-r1-w2,0,0,L=0|D=0@1|S=none
g2-r0-w1-2,g1-r2-wnone,0,0,L=0|D=0@2|S=none
g2-r0-w1-2,g1-r2-w0,0,0,L=0|D=0@2|S=none
g2-r0-w1-2,g1-r2-w1,0,0,L=0|D=0@2|S=none
g2-r0-w1-2,g1-r2-w2,0,0,L=0|D=0@2|S=none
g2-r0-w1-2,g2-rnone-wnone,0,0,L=0|D=none|S=none
g2-r0-w1-2,g2-rnone-w0,0,0,L=0|D=none|S=none
g2-r0-w1-2,g2-rnone-w1,0,0,L=0|D=none|S=none
g2-r0-w1-2,g2-rnone-w2,0,0,L=0|D=none|S=none
g2-r0-w1-2,g2-rnone-w0-1,0,0,L=0|D=none|S=none
g2-r0-w1-2,g2-rnone-w1-2,0,0,L=0|D=none|S=none
g2-r0-w1-2,g2-r0-wnone,1,1,
g2-r0-w1-2,g2-r0-w0,0,0,L=0|D=0@0|S=0@0
g2-r0-w1-2,g2-r0-w1,1,1,
g2-r0-w1-2,g2-r0-w2,1,1,
g2-r0-w1-2,g2-r0-w0-1,0,0,L=0|D=0@0|S=0@0
g2-r0-w1-2,g2-r0-w1-2,1,1,
g2-r0-w1-2,g2-r1-wnone,0,0,L=0|D=0@1|S=none
g2-r0-w1-2,g2-r1-w0,0,0,L=0|D=0@1|S=none
g2-r0-w1-2,g2-r1-w1,0,0,L=0|D=0@1|S=none
g2-r0-w1-2,g2-r1-w2,0,0,L=0|D=0@1|S=none
g2-r0-w1-2,g2-r1-w0-1,0,0,L=0|D=0@1|S=none
g2-r0-w1-2,g2-r1-w1-2,0,0,L=0|D=0@1|S=none
g2-r0-w1-2,g2-r2-wnone,0,0,L=0|D=0@2|S=none
g2-r0-w1-2,g2-r2-w0,0,0,L=0|D=0@2|S=none
g2-r0-w1-2,g2-r2-w1,0,0,L=0|D=0@2|S=none
g2-r0-w1-2,g2-r2-w2,0,0,L=0|D=0@2|S=none
g2-r0-w1-2,g2-r2-w0-1,0,0,L=0|D=0@2|S=none
g2-r0-w1-2,g2-r2-w1-2,0,0,L=0|D=0@2|S=none
g2-r0-w1-2,g2-r0-1-wnone,1,1,
g2-r0-w1-2,g2-r0-1-w0,0,0,L=0|D=0@0;0@1|S=0@0
g2-r0-w1-2,g2-r0-1-w1,1,1,
g2-r0-w1-2,g2-r0-1-w2,1,1,
g2-r0-w1-2,g2-r0-1-w0-1,0,0,L=0|D=0@0;0@1|S=0@0
g2-r0-w1-2,g2-r0-1-w1-2,1,1,
g2-r0-w1-2,g2-r1-2-wnone,0,0,L=0|D=0@1;0@2|S=none
g2-r0-w1-2,g2-r1-2-w0,0,0,L=0|D=0@1;0@2|S=none
g2-r0-w1-2,g2-r1-2-w1,0,0,L=0|D=0@1;0@2|S=none
g2-r0-w1-2,g2-r1-2-w2,0,0,L=0|D=0@1;0@2|S=none
g2-r0-w1-2,g2-r1-2-w0-1,0,0,L=0|D=0@1;0@2|S=none
g2-r0-w1-2,g2-r1-2-w1-2,0,0,L=0|D=0@1;0@2|S=none
g2-r1-wnone,g1-rnone-wnone,0,0,L=0|D=none|S=none
g2-r1-wnone,g1-rnone-w0,0,0,L=0|D=none|S=none
g2-r1-wnone,g1-rnone-w1,0,0,L=0|D=none|S=none
g2-r1-wnone,g1-rnone-w2,0,0,L=0|D=none|S=none
g2-r1-wnone,g1-r0-wnone,0,0,L=0|D=0@0|S=none
g2-r1-wnone,g1-r0-w0,0,0,L=0|D=0@0|S=none
g2-r1-wnone,g1-r0-w1,0,0,L=0|D=0@0|S=none
g2-r1-wnone,g1-r0-w2,0,0,L=0|D=0@0|S=none
g2-r1-wnone,g1-r1-wnone,0,0,L=0-1|D=0@1;1@1|S=none
g2-r1-wnone,g1-r1-w0,0,0,L=0|D=0@1|S=0@0
g2-r1-wnone,g1-r1-w1,0,0,L=0|D=0@1|S=0@1
g2-r1-wnone,g1-r1-w2,0,0,L=0|D=0@1|S=0@2
g2-r1-wnone,g1-r2-wnone,0,0,L=0|D=0@2|S=none
g2-r1-wnone,g1-r2-w0,0,0,L=0|D=0@2|S=none
g2-r1-wnone,g1-r2-w1,0,0,L=0|D=0@2|S=none
g2-r1-wnone,g1-r2-w2,0,0,L=0|D=0@2|S=none
g2-r1-wnone,g2-rnone-wnone,0,0,L=0|D=none|S=none
g2-r1-wnone,g2-rnone-w0,0,0,L=0|D=none|S=none
g2-r1-wnone,g2-rnone-w1,0,0,L=0|D=none|S=none
g2-r1-wnone,g2-rnone-w2,0,0,L=0|D=none|S=none
g2-r1-wnone,g2-rnone-w0-1,0,0,L=0|D=none|S=none
g2-r1-wnone,g2-rnone-w1-2,0,0,L=0|D=none|S=none
g2-r1-wnone,g2-r0-wnone,0,0,L=0|D=0@0|S=none
g2-r1-wnone,g2-r0-w0,0,0,L=0|D=0@0|S=none
g2-r1-wnone,g2-r0-w1,0,0,L=0|D=0@0|S=none
g2-r1-wnone,g2-r0-w2,0,0,L=0|D=0@0|S=none
g2-r1-wnone,g2-r0-w0-1,0,0,L=0|D=0@0|S=none
g2-r1-wnone,g2-r0-w1-2,0,0,L=0|D=0@0|S=none
g2-r1-wnone,g2-r1-wnone,1,1,
g2-r1-wnone,g2-r1-w0,0,0,L=0|D=0@1|S=0@0
g2-r1-wnone,g2-r1-w1,0,0,L=0|D=0@1|S=0@1
g2-r1-wnone,g2-r1-w2,0,0,L=0|D=0@1|S=0@2
g2-r1-wnone,g2-r1-w0-1,0,0,L=0|D=0@1|S=0@0
g2-r1-wnone,g2-r1-w1-2,0,0,L=0|D=0@1|S=0@1
g2-r1-wnone,g2-r2-wnone,0,0,L=0|D=0@2|S=none
g2-r1-wnone,g2-r2-w0,0,0,L=0|D=0@2|S=none
g2-r1-wnone,g2-r2-w1,0,0,L=0|D=0@2|S=none
g2-r1-wnone,g2-r2-w2,0,0,L=0|D=0@2|S=none
g2-r1-wnone,g2-r2-w0-1,0,0,L=0|D=0@2|S=none
g2-r1-wnone,g2-r2-w1-2,0,0,L=0|D=0@2|S=none
g2-r1-wnone,g2-r0-1-wnone,1,1,
g2-r1-wnone,g2-r0-1-w0,0,0,L=0|D=0@0;0@1|S=0@0
g2-r1-wnone,g2-r0-1-w1,0,0,L=0|D=0@0;0@1|S=0@1
g2-r1-wnone,g2-r0-1-w2,0,0,L=0|D=0@0;0@1|S=0@2
g2-r1-wnone,g2-r0-1-w0-1,0,0,L=0|D=0@0;0@1|S=0@0
g2-r1-wnone,g2-r0-1-w1-2,0,0,L=0|D=0@0;0@1|S=0@1
g2-r1-wnone,g2-r1-2-wnone,1,1,
g2-r1-wnone,g2-r1-2-w0,0,0,L=0|D=0@1;0@2|S=0@0
g2-r1-wnone,g2-r1-2-w1,0,0,L=0|D=0@1;0@2|S=0@1
g2-r1-wnone,g2-r1-2-w2,0,0,L=0|D=0@1;0@2|S=0@2
g2-r1-wnone,g2-r1-2-w0-1,0,0,L=0|D=0@1;0@2|S=0@0
g2-r1-wnone,g2-r1-2-w1-2,0,0,L=0|D=0@1;0@2|S=0@1
g2-r1-w0,g1-rnone-wnone,0,0,L=0|D=none|S=none
g2-r1-w0,g1-rnone-w0,0,0,L=0|D=none|S=none
g2-r1-w0,g1-rnone-w1,0,0,L=0|D=none|S=none
g2-r1-w0,g1-rnone-w2,0,0,L=0|D=none|S=none
g2-r1-w0,g1-r0-wnone,0,0,L=0|D=0@0|S=none
g2-r1-w0,g1-r0-w0,0,0,L=0|D=0@0|S=none
g2-r1-w0,g1-r0-w1,0,0,L=0|D=0@0|S=none
g2-r1-w0,g1-r0-w2,0,0,L=0|D=0@0|S=none
g2-r1-w0,g1-r1-wnone,0,0,L=0-1|D=0@1;1@1|S=none
g2-r1-w0,g1-r1-w0,0,0,L=0-1|D=0@1;1@1|S=none
g2-r1-w0,g1-r1-w1,0,0,L=0|D=0@1|S=0@1
g2-r1-w0,g1-r1-w2,0,0,L=0|D=0@1|S=0@2
g2-r1-w0,g1-r2-wnone,0,0,L=0|D=0@2|S=none
g2-r1-w0,g1-r2-w0,0,0,L=0|D=0@2|S=none
g2-r1-w0,g1-r2-w1,0,0,L=0|D=0@2|S=none
g2-r1-w0,g1-r2-w2,0,0,L=0|D=0@2|S=none
g2-r1-w0,g2-rnone-wnone,0,0,L=0|D=none|S=none
g2-r1-w0,g2-rnone-w0,0,0,L=0|D=none|S=none
g2-r1-w0,g2-rnone-w1,0,0,L=0|D=none|S=none
g2-r1-w0,g2-rnone-w2,0,0,L=0|D=none|S=none
g2-r1-w0,g2-rnone-w0-1,0,0,L=0|D=none|S=none
g2-r1-w0,g2-rnone-w1-2,0,0,L=0|D=none|S=none
g2-r1-w0,g2-r0-wnone,0,0,L=0|D=0@0|S=none
g2-r1-w0,g2-r0-w0,0,0,L=0|D=0@0|S=none
g2-r1-w0,g2-r0-w1,0,0,L=0|D=0@0|S=none
g2-r1-w0,g2-r0-w2,0,0,L=0|D=0@0|S=none
g2-r1-w0,g2-r0-w0-1,0,0,L=0|D=0@0|S=none
g2-r1-w0,g2-r0-w1-2,0,0,L=0|D=0@0|S=none
g2-r1-w0,g2-r1-wnone,1,1,
g2-r1-w0,g2-r1-w0,1,1,
g2-r1-w0,g2-r1-w1,0,0,L=0|D=0@1|S=0@1
g2-r1-w0,g2-r1-w2,0,0,L=0|D=0@1|S=0@2
g2-r1-w0,g2-r1-w0-1,0,0,L=0|D=0@1|S=0@1
g2-r1-w0,g2-r1-w1-2,0,0,L=0|D=0@1|S=0@1
g2-r1-w0,g2-r2-wnone,0,0,L=0|D=0@2|S=none
g2-r1-w0,g2-r2-w0,0,0,L=0|D=0@2|S=none
g2-r1-w0,g2-r2-w1,0,0,L=0|D=0@2|S=none
g2-r1-w0,g2-r2-w2,0,0,L=0|D=0@2|S=none
g2-r1-w0,g2-r2-w0-1,0,0,L=0|D=0@2|S=none
g2-r1-w0,g2-r2-w1-2,0,0,L=0|D=0@2|S=none
g2-r1-w0,g2-r0-1-wnone,1,1,
g2-r1-w0,g2-r0-1-w0,1,1,
g2-r1-w0,g2-r0-1-w1,0,0,L=0|D=0@0;0@1|S=0@1
g2-r1-w0,g2-r0-1-w2,0,0,L=0|D=0@0;0@1|S=0@2
g2-r1-w0,g2-r0-1-w0-1,0,0,L=0|D=0@0;0@1|S=0@1
g2-r1-w0,g2-r0-1-w1-2,0,0,L=0|D=0@0;0@1|S=0@1
g2-r1-w0,g2-r1-2-wnone,1,1,
g2-r1-w0,g2-r1-2-w0,1,1,
g2-r1-w0,g2-r1-2-w1,0,0,L=0|D=0@1;0@2|S=0@1
g2-r1-w0,g2-r1-2-w2,0,0,L=0|D=0@1;0@2|S=0@2
g2-r1-w0,g2-r1-2-w0-1,0,0,L=0|D=0@1;0@2|S=0@1
g2-r1-w0,g2-r1-2-w1-2,0,0,L=0|D=0@1;0@2|S=0@1
g2-r1-w1,g1-rnone-wnone,0,0,L=0|D=none|S=none
g2-r1-w1,g1-rnone-w0,0,0,L=0|D=none|S=none
g2-r1-w1,g1-rnone-w1,0,0,L=0|D=none|S=none
g2-r1-w1,g1-rnone-w2,0,0,L=0|D=none|S=none
g2-r1-w1,g1-r0-wnone,0,0,L=0|D=0@0|S=none
g2-r1-w1,g1-r0-w0,0,0,L=0|D=0@0|S=none
g2-r1-w1,g1-r0-w1,0,0,L=0|D=0@0|S=none
g2-r1-w1,g1-r0-w2,0,0,L=0|D=0@0|S=none
g2-r1-w1,g1-r1-wnone,0,0,L=0-1|D=0@1;1@1|S=none
g2-r1-w1,g1-r1-w0,0,0,L=0|D=0@1|S=0@0
g2-r1-w1,g1-r1-w1,0,0,L=0-1|D=0@1;1@1|S=none
g2-r1-w1,g1-r1-w2,0,0,L=0|D=0@1|S=0@2
g2-r1-w1,g1-r2-wnone,0,0,L=0|D=0@2|S=none
g2-r1-w1,g1-r2-w0,0,0,L=0|D=0@2|S=none
g2-r1-w1,g1-r2-w1,0,0,L=0|D=0@2|S=none
g2-r1-w1,g1-r2-w2,0,0,L=0|D=0@2|S=none
g2-r1-w1,g2-rnone-wnone,0,0,L=0|D=none|S=none
g2-r1-w1,g2-rnone-w0,0,0,L=0|D=none|S=none
g2-r1-w1,g2-rnone-w1,0,0,L=0|D=none|S=none
g2-r1-w1,g2-rnone-w2,0,0,L=0|D=none|S=none
g2-r1-w1,g2-rnone-w0-1,0,0,L=0|D=none|S=none
g2-r1-w1,g2-rnone-w1-2,0,0,L=0|D=none|S=none
g2-r1-w1,g2-r0-wnone,0,0,L=0|D=0@0|S=none
g2-r1-w1,g2-r0-w0,0,0,L=0|D=0@0|S=none
g2-r1-w1,g2-r0-w1,0,0,L=0|D=0@0|S=none
g2-r1-w1,g2-r0-w2,0,0,L=0|D=0@0|S=none
g2-r1-w1,g2-r0-w0-1,0,0,L=0|D=0@0|S=none
g2-r1-w1,g2-r0-w1-2,0,0,L=0|D=0@0|S=none
g2-r1-w1,g2-r1-wnone,1,1,
g2-r1-w1,g2-r1-w0,0,0,L=0|D=0@1|S=0@0
g2-r1-w1,g2-r1-w1,1,1,
g2-r1-w1,g2-r1-w2,0,0,L=0|D=0@1|S=0@2
g2-r1-w1,g2-r1-w0-1,0,0,L=0|D=0@1|S=0@0
g2-r1-w1,g2-r1-w1-2,0,0,L=0|D=0@1|S=0@2
g2-r1-w1,g2-r2-wnone,0,0,L=0|D=0@2|S=none
g2-r1-w1,g2-r2-w0,0,0,L=0|D=0@2|S=none
g2-r1-w1,g2-r2-w1,0,0,L=0|D=0@2|S=none
g2-r1-w1,g2-r2-w2,0,0,L=0|D=0@2|S=none
g2-r1-w1,g2-r2-w0-1,0,0,L=0|D=0@2|S=none
g2-r1-w1,g2-r2-w1-2,0,0,L=0|D=0@2|S=none
g2-r1-w1,g2-r0-1-wnone,1,1,
g2-r1-w1,g2-r0-1-w0,0,0,L=0|D=0@0;0@1|S=0@0
g2-r1-w1,g2-r0-1-w1,1,1,
g2-r1-w1,g2-r0-1-w2,0,0,L=0|D=0@0;0@1|S=0@2
g2-r1-w1,g2-r0-1-w0-1,0,0,L=0|D=0@0;0@1|S=0@0
g2-r1-w1,g2-r0-1-w1-2,0,0,L=0|D=0@0;0@1|S=0@2
g2-r1-w1,g2-r1-2-wnone,1,1,
g2-r1-w1,g2-r1-2-w0,0,0,L=0|D=0@1;0@2|S=0@0
g2-r1-w1,g2-r1-2-w1,1,1,
g2-r1-w1,g2-r1-2-w2,0,0,L=0|D=0@1;0@2|S=0@2
g2-r1-w1,g2-r1-2-w0-1,0,0,L=0|D=0@1;0@2|S=0@0
g2-r1-w1,g2-r1-2-w1-2,0,0,L=0|D=0@1;0@2|S=0@2
g2-r1-w2,g1-rnone-wnone,0,0,L=0|D=none|S=none
g2-r1-w2,g1-rnone-w0,0,0,L=0|D=none|S=none
g2-r1-w2,g1-rnone-w1,0,0,L=0|D=none|S=none
g2-r1-w2,g1-rnone-w2,0,0,L=0|D=none|S=none
g2-r1-w2,g1-r0-wnone,0,0,L=0|D=0@0|S=none
g2-r1-w2,g1-r0-w0,0,0,L=0|D=0@0|S=none
g2-r1-w2,g1-r0-w1,0,0,L=0|D=0@0|S=none
g2-r1-w2,g1-r0-w2,0,0,L=0|D=0@0|S=none
g2-r1-w2,g1-r1-wnone,0,0,L=0-1|D=0@1;1@1|S=none
g2-r1-w2,g1-r1-w0,0,0,L=0|D=0@1|S=0@0
g2-r1-w2,g1-r1-w1,0,0,L=0|D=0@1|S=0@1
g2-r1-w2,g1-r1-w2,0,0,L=0-1|D=0@1;1@1|S=none
g2-r1-w2,g1-r2-wnone,0,0,L=0|D=0@2|S=none
g2-r1-w2,g1-r2-w0,0,0,L=0|D=0@2|S=none
g2-r1-w2,g1-r2-w1,0,0,L=0|D=0@2|S=none
g2-r1-w2,g1-r2-w2,0,0,L=0|D=0@2|S=none
g2-r1-w2,g2-rnone-wnone,0,0,L=0|D=none|S=none
g2-r1-w2,g2-rnone-w0,0,0,L=0|D=none|S=none
g2-r1-w2,g2-rnone-w1,0,0,L=0|D=none|S=none
g2-r1-w2,g2-rnone-w2,0,0,L=0|D=none|S=none
g2-r1-w2,g2-rnone-w0-1,0,0,L=0|D=none|S=none
g2-r1-w2,g2-rnone-w1-2,0,0,L=0|D=none|S=none
g2-r1-w2,g2-r0-wnone,0,0,L=0|D=0@0|S=none
g2-r1-w2,g2-r0-w0,0,0,L=0|D=0@0|S=none
g2-r1-w2,g2-r0-w1,0,0,L=0|D=0@0|S=none
g2-r1-w2,g2-r0-w2,0,0,L=0|D=0@0|S=none
g2-r1-w2,g2-r0-w0-1,0,0,L=0|D=0@0|S=none
g2-r1-w2,g2-r0-w1-2,0,0,L=0|D=0@0|S=none
g2-r1-w2,g2-r1-wnone,1,1,
g2-r1-w2,g2-r1-w0,0,0,L=0|D=0@1|S=0@0
g2-r1-w2,g2-r1-w1,0,0,L=0|D=0@1|S=0@1
g2-r1-w2,g2-r1-w2,1,1,
g2-r1-w2,g2-r1-w0-1,0,0,L=0|D=0@1|S=0@0
g2-r1-w2,g2-r1-w1-2,0,0,L=0|D=0@1|S=0@1
g2-r1-w2,g2-r2-wnone,0,0,L=0|D=0@2|S=none
g2-r1-w2,g2-r2-w0,0,0,L=0|D=0@2|S=none
g2-r1-w2,g2-r2-w1,0,0,L=0|D=0@2|S=none
g2-r1-w2,g2-r2-w2,0,0,L=0|D=0@2|S=none
g2-r1-w2,g2-r2-w0-1,0,0,L=0|D=0@2|S=none
g2-r1-w2,g2-r2-w1-2,0,0,L=0|D=0@2|S=none
g2-r1-w2,g2-r0-1-wnone,1,1,
g2-r1-w2,g2-r0-1-w0,0,0,L=0|D=0@0;0@1|S=0@0
g2-r1-w2,g2-r0-1-w1,0,0,L=0|D=0@0;0@1|S=0@1
g2-r1-w2,g2-r0-1-w2,1,1,
g2-r1-w2,g2-r0-1-w0-1,0,0,L=0|D=0@0;0@1|S=0@0
g2-r1-w2,g2-r0-1-w1-2,0,0,L=0|D=0@0;0@1|S=0@1
g2-r1-w2,g2-r1-2-wnone,1,1,
g2-r1-w2,g2-r1-2-w0,0,0,L=0|D=0@1;0@2|S=0@0
g2-r1-w2,g2-r1-2-w1,0,0,L=0|D=0@1;0@2|S=0@1
g2-r1-w2,g2-r1-2-w2,1,1,
g2-r1-w2,g2-r1-2-w0-1,0,0,L=0|D=0@1;0@2|S=0@0
g2-r1-w2,g2-r1-2-w1-2,0,0,L=0|D=0@1;0@2|S=0@1
g2-r1-w0-1,g1-rnone-wnone,0,0,L=0|D=none|S=none
g2-r1-w0-1,g1-rnone-w0,0,0,L=0|D=none|S=none
g2-r1-w0-1,g1-rnone-w1,0,0,L=0|D=none|S=none
g2-r1-w0-1,g1-rnone-w2,0,0,L=0|D=none|S=none
g2-r1-w0-1,g1-r0-wnone,0,0,L=0|D=0@0|S=none
g2-r1-w0-1,g1-r0-w0,0,0,L=0|D=0@0|S=none
g2-r1-w0-1,g1-r0-w1,0,0,L=0|D=0@0|S=none
g2-r1-w0-1,g1-r0-w2,0,0,L=0|D=0@0|S=none
g2-r1-w0-1,g1-r1-wnone,0,0,L=0-1|D=0@1;1@1|S=none
g2-r1-w0-1,g1-r1-w0,0,0,L=0-1|D=0@1;1@1|S=none
g2-r1-w0-1,g1-r1-w1,0,0,L=0-1|D=0@1;1@1|S=none
g2-r1-w0-1,g1-r1-w2,0,0,L=0|D=0@1|S=0@2
g2-r1-w0-1,g1-r2-wnone,0,0,L=0|D=0@2|S=none
g2-r1-w0-1,g1-r2-w0,0,0,L=0|D=0@2|S=none
g2-r1-w0-1,g1-r2-w1,0,0,L=0|D=0@2|S=none
g2-r1-w0-1,g1-r2-w2,0,0,L=0|D=0@2|S=none
g2-r1-w0-1,g2-rnone-wnone,0,0,L=0|D=none|S=none
g2-r1-w0-1,g2-rnone-w0,0,0,L=0|D=none|S=none
g2-r1-w0-1,g2-rnone-w1,0,0,L=0|D=none|S=none
g2-r1-w0-1,g2-rnone-w2,0,0,L=0|D=none|S=none
g2-r1-w0-1,g2-rnone-w0-1,0,0,L=0|D=none|S=none
g2-r1-w0-1,g2-rnone-w1-2,0,0,L=0|D=none|S=none
g2-r1-w0-1,g2-r0-wnone,0,0,L=0|D=0@0|S=none
g2-r1-w0-1,g2-r0-w0,0,0,L=0|D=0@0|S=none
g2-r1-w0-1,g2-r0-w1,0,0,L=0|D=0@0|S=none
g2-r1-w0-1,g2-r0-w2,0,0,L=0|D=0@0|S=none
g2-r1-w0-1,g2-r0-w0-1,0,0,L=0|D=0@0|S=none
g2-r1-w0-1,g2-r0-w1-2,0,0,L=0|D=0@0|S=none
g2-r1-w0-1,g2-r1-wnone,1,1,
g2-r1-w0-1,g2-r1-w0,1,1,
g2-r1-w0-1,g2-r1-w1,1,1,
g2-r1-w0-1,g2-r1-w2,0,0,L=0|D=0@1|S=0@2
g2-r1-w0-1,g2-r1-w0-1,1,1,
g2-r1-w0-1,g2-r1-w1-2,0,0,L=0|D=0@1|S=0@2
g2-r1-w0-1,g2-r2-wnone,0,0,L=0|D=0@2|S=none
g2-r1-w0-1,g2-r2-w0,0,0,L=0|D=0@2|S=none
g2-r1-w0-1,g2-r2-w1,0,0,L=0|D=0@2|S=none
g2-r1-w0-1,g2-r2-w2,0,0,L=0|D=0@2|S=none
g2-r1-w0-1,g2-r2-w0-1,0,0,L=0|D=0@2|S=none
g2-r1-w0-1,g2-r2-w1-2,0,0,L=0|D=0@2|S=none
g2-r1-w0-1,g2-r0-1-wnone,1,1,
g2-r1-w0-1,g2-r0-1-w0,1,1,
g2-r1-w0-1,g2-r0-1-w1,1,1,
g2-r1-w0-1,g2-r0-1-w2,0,0,L=0|D=0@0;0@1|S=0@2
g2-r1-w0-1,g2-r0-1-w0-1,1,1,
g2-r1-w0-1,g2-r0-1-w1-2,0,0,L=0|D=0@0;0@1|S=0@2
g2-r1-w0-1,g2-r1-2-wnone,1,1,
g2-r1-w0-1,g2-r1-2-w0,1,1,
g2-r1-w0-1,g2-r1-2-w1,1,1,
g2-r1-w0-1,g2-r1-2-w2,0,0,L=0|D=0@1;0@2|S=0@2
g2-r1-w0-1,g2-r1-2-w0-1,1,1,
g2-r1-w0-1,g2-r1-2-w1-2,0,0,L=0|D=0@1;0@2|S=0@2
g2-r1-w1-2,g1-rnone-wnone,0,0,L=0|D=none|S=none
g2-r1-w1-2,g1-rnone-w0,0,0,L=0|D=none|S=none
g2-r1-w1-2,g1-rnone-w1,0,0,L=0|D=none|S=none
g2-r1-w1-2,g1-rnone-w2,0,0,L=0|D=none|S=none
g2-r1-w1-2,g1-r0-wnone,0,0,L=0|D=0@0|S=none
g2-r1-w1-2,g1-r0-w0,0,0,L=0|D=0@0|S=none
g2-r1-w1-2,g1-r0-w1,0,0,L=0|D=0@0|S=none
g2-r1-w1-2,g1-r0-w2,0,0,L=0|D=0@0|S=none
g2-r1-w1-2,g1-r1-wnone,0,0,L=0-1|D=0@1;1@1|S=none
g2-r1-w1-2,g1-r1-w0,0,0,L=0|D=0@1|S=0@0
g2-r1-w1-2,g1-r1-w1,0,0,L=0-1|D=0@1;1@1|S=none
g2-r1-w1-2,g1-r1-w2,0,0,L=0-1|D=0@1;1@1|S=none
g2-r1-w1-2,g1-r2-wnone,0,0,L=0|D=0@2|S=none
g2-r1-w1-2,g1-r2-w0,0,0,L=0|D=0@2|S=none
g2-r1-w1-2,g1-r2-w1,0,0,L=0|D=0@2|S=none
g2-r1-w1-2,g1-r2-w2,0,0,L=0|D=0@2|S=none
g2-r1-w1-2,g2-rnone-wnone,0,0,L=0|D=none|S=none
g2-r1-w1-2,g2-rnone-w0,0,0,L=0|D=none|S=none
g2-r1-w1-2,g2-rnone-w1,0,0,L=0|D=none|S=none
g2-r1-w1-2,g2-rnone-w2,0,0,L=0|D=none|S=none
g2-r1-w1-2,g2-rnone-w0-1,0,0,L=0|D=none|S=none
g2-r1-w1-2,g2-rnone-w1-2,0,0,L=0|D=none|S=none
g2-r1-w1-2,g2-r0-wnone,0,0,L=0|D=0@0|S=none
g2-r1-w1-2,g2-r0-w0,0,0,L=0|D=0@0|S=none
g2-r1-w1-2,g2-r0-w1,0,0,L=0|D=0@0|S=none
g2-r1-w1-2,g2-r0-w2,0,0,L=0|D=0@0|S=none
g2-r1-w1-2,g2-r0-w0-1,0,0,L=0|D=0@0|S=none
g2-r1-w1-2,g2-r0-w1-2,0,0,L=0|D=0@0|S=none
g2-r1-w1-2,g2-r1-wnone,1,1,
g2-r1-w1-2,g2-r1-w0,0,0,L=0|D=0@1|S=0@0
g2-r1-w1-2,g2-r1-w1,1,1,
g2-r1-w1-2,g2-r1-w2,1,1,
g2-r1-w1-2,g2-r1-w0-1,0,0,L=0|D=0@1|S=0@0
g2-r1-w1-2,g2-r1-w1-2,1,1,
g2-r1-w1-2,g2-r2-wnone,0,0,L=0|D=0@2|S=none
g2-r1-w1-2,g2-r2-w0,0,0,L=0|D=0@2|S=none
g2-r1-w1-2,g2-r2-w1,0,0,L=0|D=0@2|S=none
g2-r1-w1-2,g2-r2-w2,0,0,L=0|D=0@2|S=none
g2-r1-w1-2,g2-r2-w0-1,0,0,L=0|D=0@2|S=none
g2-r1-w1-2,g2-r2-w1-2,0,0,L=0|D=0@2|S=none
g2-r1-w1-2,g2-r0-1-wnone,1,1,
g2-r1-w1-2,g2-r0-1-w0,0,0,L=0|D=0@0;0@1|S=0@0
g2-r1-w1-2,g2-r0-1-w1,1,1,
g2-r1-w1-2,g2-r0-1-w2,1,1,
g2-r1-w1-2,g2-r0-1-w0-1,0,0,L=0|D=0@0;0@1|S=0@0
g2-r1-w1-2,g2-r0-1-w1-2,1,1,
g2-r1-w1-2,g2-r1-2-wnone,1,1,
g2-r1-w1-2,g2-r1-2-w0,0,0,L=0|D=0@1;0@2|S=0@0
g2-r1-w1-2,g2-r1-2-w1,1,1,
g2-r1-w1-2,g2-r1-2-w2,1,1,
g2-r1-w1-2,g2-r1-2-w0-1,0,0,L=0|D=0@1;0@2|S=0@0
g2-r1-w1-2,g2-r1-2-w1-2,1,1,
g2-r2-wnone,g1-rnone-wnone,0,0,L=0|D=none|S=none
g2-r2-wnone,g1-rnone-w0,0,0,L=0|D=none|S=none
g2-r2-wnone,g1-rnone-w1,0,0,L=0|D=none|S=none
g2-r2-wnone,g1-rnone-w2,0,0,L=0|D=none|S=none
g2-r2-wnone,g1-r0-wnone,0,0,L=0|D=0@0|S=none
g2-r2-wnone,g1-r0-w0,0,0,L=0|D=0@0|S=none
g2-r2-wnone,g1-r0-w1,0,0,L=0|D=0@0|S=none
g2-r2-wnone,g1-r0-w2,0,0,L=0|D=0@0|S=none
g2-r2-wnone,g1-r1-wnone,0,0,L=0|D=0@1|S=none
g2-r2-wnone,g1-r1-w0,0,0,L=0|D=0@1|S=none
g2-r2-wnone,g1-r1-w1,0,0,L=0|D=0@1|S=none
g2-r2-wnone,g1-r1-w2,0,0,L=0|D=0@1|S=none
g2-r2-wnone,g1-r2-wnone,0,0,L=0-1|D=0@2;1@2|S=none
g2-r2-wnone,g1-r2-w0,0,0,L=0|D=0@2|S=0@0
g2-r2-wnone,g1-r2-w1,0,0,L=0|D=0@2|S=0@1
g2-r2-wnone,g1-r2-w2,0,0,L=0|D=0@2|S=0@2
g2-r2-wnone,g2-rnone-wnone,0,0,L=0|D=none|S=none
g2-r2-wnone,g2-rnone-w0,0,0,L=0|D=none|S=none
g2-r2-wnone,g2-rnone-w1,0,0,L=0|D=none|S=none
g2-r2-wnone,g2-rnone-w2,0,0,L=0|D=none|S=none
g2-r2-wnone,g2-rnone-w0-1,0,0,L=0|D=none|S=none
g2-r2-wnone,g2-rnone-w1-2,0,0,L=0|D=none|S=none
g2-r2-wnone,g2-r0-wnone,0,0,L=0|D=0@0|S=none
g2-r2-wnone,g2-r0-w0,0,0,L=0|D=0@0|S=none
g2-r2-wnone,g2-r0-w1,0,0,L=0|D=0@0|S=none
g2-r2-wnone,g2-r0-w2,0,0,L=0|D=0@0|S=none
g2-r2-wnone,g2-r0-w0-1,0,0,L=0|D=0@0|S=none
g2-r2-wnone,g2-r0-w1-2,0,0,L=0|D=0@0|S=none
g2-r2-wnone,g2-r1-wnone,0,0,L=0|D=0@1|S=none
g2-r2-wnone,g2-r1-w0,0,0,L=0|D=0@1|S=none
g2-r2-wnone,g2-r1-w1,0,0,L=0|D=0@1|S=none
g2-r2-wnone,g2-r1-w2,0,0,L=0|D=0@1|S=none
g2-r2-wnone,g2-r1-w0-1,0,0,L=0|D=0@1|S=none
g2-r2-wnone,g2-r1-w1-2,0,0,L=0|D=0@1|S=none
g2-r2-wnone,g2-r2-wnone,1,1,
g2-r2-wnone,g2-r2-w0,0,0,L=0|D=0@2|S=0@0
g2-r2-wnone,g2-r2-w1,0,0,L=0|D=0@2|S=0@1
g2-r2-wnone,g2-r2-w2,0,0,L=0|D=0@2|S=0@2
g2-r2-wnone,g2-r2-w0-1,0,0,L=0|D=0@2|S=0@0
g2-r2-wnone,g2-r2-w1-2,0,0,L=0|D=0@2|S=0@1
g2-r2-wnone,g2-r0-1-wnone,0,0,L=0|D=0@0;0@1|S=none
g2-r2-wnone,g2-r0-1-w0,0,0,L=0|D=0@0;0@1|S=none
g2-r2-wnone,g2-r0-1-w1,0,0,L=0|D=0@0;0@1|S=none
g2-r2-wnone,g2-r0-1-w2,0,0,L=0|D=0@0;0@1|S=none
g2-r2-wnone,g2-r0-1-w0-1,0,0,L=0|D=0@0;0@1|S=none
g2-r2-wnone,g2-r0-1-w1-2,0,0,L=0|D=0@0;0@1|S=none
g2-r2-wnone,g2-r1-2-wnone,1,1,
g2-r2-wnone,g2-r1-2-w0,0,0,L=0|D=0@1;0@2|S=0@0
g2-r2-wnone,g2-r1-2-w1,0,0,L=0|D=0@1;0@2|S=0@1
g2-r2-wnone,g2-r1-2-w2,0,0,L=0|D=0@1;0@2|S=0@2
g2-r2-wnone,g2-r1-2-w0-1,0,0,L=0|D=0@1;0@2|S=0@0
g2-r2-wnone,g2-r1-2-w1-2,0,0,L=0|D=0@1;0@2|S=0@1
g2-r2-w0,g1-rnone-wnone,0,0,L=0|D=none|S=none
g2-r2-w0,g1-rnone-w0,0,0,L=0|D=none|S=none
g2-r2-w0,g1-rnone-w1,0,0,L=0|D=none|S=none
g2-r2-w0,g1-rnone-w2,0,0,L=0|D=none|S=none
g2-r2-w0,g1-r0-wnone,0,0,L=0|D=0@0|S=none
g2-r2-w0,g1-r0-w0,0,0,L=0|D=0@0|S=none
g2-r2-w0,g1-r0-w1,0,0,L=0|D=0@0|S=none
g2-r2-w0,g1-r0-w2,0,0,L=0|D=0@0|S=none
g2-r2-w0,g1-r1-wnone,0,0,L=0|D=0@1|S=none
g2-r2-w0,g1-r1-w0,0,0,L=0|D=0@1|S=none
g2-r2-w0,g1-r1-w1,0,0,L=0|D=0@1|S=none
g2-r2-w0,g1-r1-w2,0,0,L=0|D=0@1|S=none
g2-r2-w0,g1-r2-wnone,0,0,L=0-1|D=0@2;1@2|S=none
g2-r2-w0,g1-r2-w0,0,0,L=0-1|D=0@2;1@2|S=none
g2-r2-w0,g1-r2-w1,0,0,L=0|D=0@2|S=0@1
g2-r2-w0,g1-r2-w2,0,0,L=0|D=0@2|S=0@2
g2-r2-w0,g2-rnone-wnone,0,0,L=0|D=none|S=none
g2-r2-w0,g2-rnone-w0,0,0,L=0|D=none|S=none
g2-r2-w0,g2-rnone-w1,0,0,L=0|D=none|S=none
g2-r2-w0,g2-rnone-w2,0,0,L=0|D=none|S=none
g2-r2-w0,g2-rnone-w0-1,0,0,L=0|D=none|S=none
g2-r2-w0,g2-rnone-w1-2,0,0,L=0|D=none|S=none
g2-r2-w0,g2-r0-wnone,0,0,L=0|D=0@0|S=none
g2-r2-w0,g2-r0-w0,0,0,L=0|D=0@0|S=none
g2-r2-w0,g2-r0-w1,0,0,L=0|D=0@0|S=none
g2-r2-w0,g2-r0-w2,0,0,L=0|D=0@0|S=none
g2-r2-w0,g2-r0-w0-1,0,0,L=0|D=0@0|S=none
g2-r2-w0,g2-r0-w1-2,0,0,L=0|D=0@0|S=none
g2-r2-w0,g2-r1-wnone,0,0,L=0|D=0@1|S=none
g2-r2-w0,g2-r1-w0,0,0,L=0|D=0@1|S=none
g2-r2-w0,g2-r1-w1,0,0,L=0|D=0@1|S=none
g2-r2-w0,g2-r1-w2,0,0,L=0|D=0@1|S=none
g2-r2-w0,g2-r1-w0-1,0,0,L=0|D=0@1|S=none
g2-r2-w0,g2-r1-w1-2,0,0,L=0|D=0@1|S=none
g2-r2-w0,g2-r2-wnone,1,1,
g2-r2-w0,g2-r2-w0,1,1,
g2-r2-w0,g2-r2-w1,0,0,L=0|D=0@2|S=0@1
g2-r2-w0,g2-r2-w2,0,0,L=0|D=0@2|S=0@2
g2-r2-w0,g2-r2-w0-1,0,0,L=0|D=0@2|S=0@1
g2-r2-w0,g2-r2-w1-2,0,0,L=0|D=0@2|S=0@1
g2-r2-w0,g2-r0-1-wnone,0,0,L=0|D=0@0;0@1|S=none
g2-r2-w0,g2-r0-1-w0,0,0,L=0|D=0@0;0@1|S=none
g2-r2-w0,g2-r0-1-w1,0,0,L=0|D=0@0;0@1|S=none
g2-r2-w0,g2-r0-1-w2,0,0,L=0|D=0@0;0@1|S=none
g2-r2-w0,g2-r0-1-w0-1,0,0,L=0|D=0@0;0@1|S=none
g2-r2-w0,g2-r0-1-w1-2,0,0,L=0|D=0@0;0@1|S=none
g2-r2-w0,g2-r1-2-wnone,1,1,
g2-r2-w0,g2-r1-2-w0,1,1,
g2-r2-w0,g2-r1-2-w1,0,0,L=0|D=0@1;0@2|S=0@1
g2-r2-w0,g2-r1-2-w2,0,0,L=0|D=0@1;0@2|S=0@2
g2-r2-w0,g2-r1-2-w0-1,0,0,L=0|D=0@1;0@2|S=0@1
g2-r2-w0,g2-r1-2-w1-2,0,0,L=0|D=0@1;0@2|S=0@1
g2-r2-w1,g1-rnone-wnone,0,0,L=0|D=none|S=none
g2-r2-w1,g1-rnone-w0,0,0,L=0|D=none|S=none
g2-r2-w1,g1-rnone-w1,0,0,L=0|D=none|S=none
g2-r2-w1,g1-rnone-w2,0,0,L=0|D=none|S=none
g2-r2-w1,g1-r0-wnone,0,0,L=0|D=0@0|S=none
g2-r2-w1,g1-r0-w0,0,0,L=0|D=0@0|S=none
g2-r2-w1,g1-r0-w1,0,0,L=0|D=0@0|S=none
g2-r2-w1,g1-r0-w2,0,0,L=0|D=0@0|S=none
g2-r2-w1,g1-r1-wnone,0,0,L=0|D=0@1|S=none
g2-r2-w1,g1-r1-w0,0,0,L=0|D=0@1|S=none
g2-r2-w1,g1-r1-w1,0,0,L=0|D=0@1|S=none
g2-r2-w1,g1-r1-w2,0,0,L=0|D=0@1|S=none
g2-r2-w1,g1-r2-wnone,0,0,L=0-1|D=0@2;1@2|S=none
g2-r2-w1,g1-r2-w0,0,0,L=0|D=0@2|S=0@0
g2-r2-w1,g1-r2-w1,0,0,L=0-1|D=0@2;1@2|S=none
g2-r2-w1,g1-r2-w2,0,0,L=0|D=0@2|S=0@2
g2-r2-w1,g2-rnone-wnone,0,0,L=0|D=none|S=none
g2-r2-w1,g2-rnone-w0,0,0,L=0|D=none|S=none
g2-r2-w1,g2-rnone-w1,0,0,L=0|D=none|S=none
g2-r2-w1,g2-rnone-w2,0,0,L=0|D=none|S=none
g2-r2-w1,g2-rnone-w0-1,0,0,L=0|D=none|S=none
g2-r2-w1,g2-rnone-w1-2,0,0,L=0|D=none|S=none
g2-r2-w1,g2-r0-wnone,0,0,L=0|D=0@0|S=none
g2-r2-w1,g2-r0-w0,0,0,L=0|D=0@0|S=none
g2-r2-w1,g2-r0-w1,0,0,L=0|D=0@0|S=none
g2-r2-w1,g2-r0-w2,0,0,L=0|D=0@0|S=none
g2-r2-w1,g2-r0-w0-1,0,0,L=0|D=0@0|S=none
g2-r2-w1,g2-r0-w1-2,0,0,L=0|D=0@0|S=none
g2-r2-w1,g2-r1-wnone,0,0,L=0|D=0@1|S=none
g2-r2-w1,g2-r1-w0,0,0,L=0|D=0@1|S=none
g2-r2-w1,g2-r1-w1,0,0,L=0|D=0@1|S=none
g2-r2-w1,g2-r1-w2,0,0,L=0|D=0@1|S=none
g2-r2-w1,g2-r1-w0-1,0,0,L=0|D=0@1|S=none
g2-r2-w1,g2-r1-w1-2,0,0,L=0|D=0@1|S=none
g2-r2-w1,g2-r2-wnone,1,1,
g2-r2-w1,g2-r2-w0,0,0,L=0|D=0@2|S=0@0
g2-r2-w1,g2-r2-w1,1,1,
g2-r2-w1,g2-r2-w2,0,0,L=0|D=0@2|S=0@2
g2-r2-w1,g2-r2-w0-1,0,0,L=0|D=0@2|S=0@0
g2-r2-w1,g2-r2-w1-2,0,0,L=0|D=0@2|S=0@2
g2-r2-w1,g2-r0-1-wnone,0,0,L=0|D=0@0;0@1|S=none
g2-r2-w1,g2-r0-1-w0,0,0,L=0|D=0@0;0@1|S=none
g2-r2-w1,g2-r0-1-w1,0,0,L=0|D=0@0;0@1|S=none
g2-r2-w1,g2-r0-1-w2,0,0,L=0|D=0@0;0@1|S=none
g2-r2-w1,g2-r0-1-w0-1,0,0,L=0|D=0@0;0@1|S=none
g2-r2-w1,g2-r0-1-w1-2,0,0,L=0|D=0@0;0@1|S=none
g2-r2-w1,g2-r1-2-wnone,1,1,
g2-r2-w1,g2-r1-2-w0,0,0,L=0|D=0@1;0@2|S=0@0
g2-r2-w1,g2-r1-2-w1,1,1,
g2-r2-w1,g2-r1-2-w2,0,0,L=0|D=0@1;0@2|S=0@2
g2-r2-w1,g2-r1-2-w0-1,0,0,L=0|D=0@1;0@2|S=0@0
g2-r2-w1,g2-r1-2-w1-2,0,0,L=0|D=0@1;0@2|S=0@2
g2-r2-w2,g1-rnone-wnone,0,0,L=0|D=none|S=none
g2-r2-w2,g1-rnone-w0,0,0,L=0|D=none|S=none
g2-r2-w2,g1-rnone-w1,0,0,L=0|D=none|S=none
g2-r2-w2,g1-rnone-w2,0,0,L=0|D=none|S=none
g2-r2-w2,g1-r0-wnone,0,0,L=0|D=0@0|S=none
g2-r2-w2,g1-r0-w0,0,0,L=0|D=0@0|S=none
g2-r2-w2,g1-r0-w1,0,0,L=0|D=0@0|S=none
g2-r2-w2,g1-r0-w2,0,0,L=0|D=0@0|S=none
g2-r2-w2,g1-r1-wnone,0,0,L=0|D=0@1|S=none
g2-r2-w2,g1-r1-w0,0,0,L=0|D=0@1|S=none
g2-r2-w2,g1-r1-w1,0,0,L=0|D=0@1|S=none
g2-r2-w2,g1-r1-w2,0,0,L=0|D=0@1|S=none
g2-r2-w2,g1-r2-wnone,0,0,L=0-1|D=0@2;1@2|S=none
g2-r2-w2,g1-r2-w0,0,0,L=0|D=0@2|S=0@0
g2-r2-w2,g1-r2-w1,0,0,L=0|D=0@2|S=0@1
g2-r2-w2,g1-r2-w2,0,0,L=0-1|D=0@2;1@2|S=none
g2-r2-w2,g2-rnone-wnone,0,0,L=0|D=none|S=none
g2-r2-w2,g2-rnone-w0,0,0,L=0|D=none|S=none
g2-r2-w2,g2-rnone-w1,0,0,L=0|D=none|S=none
g2-r2-w2,g2-rnone-w2,0,0,L=0|D=none|S=none
g2-r2-w2,g2-rnone-w0-1,0,0,L=0|D=none|S=none
g2-r2-w2,g2-rnone-w1-2,0,0,L=0|D=none|S=none
g2-r2-w2,g2-r0-wnone,0,0,L=0|D=0@0|S=none
g2-r2-w2,g2-r0-w0,0,0,L=0|D=0@0|S=none
g2-r2-w2,g2-r0-w1,0,0,L=0|D=0@0|S=none
g2-r2-w2,g2-r0-w2,0,0,L=0|D=0@0|S=none
g2-r2-w2,g2-r0-w0-1,0,0,L=0|D=0@0|S=none
g2-r2-w2,g2-r0-w1-2,0,0,L=0|D=0@0|S=none
g2-r2-w2,g2-r1-wnone,0,0,L=0|D=0@1|S=none
g2-r2-w2,g2-r1-w0,0,0,L=0|D=0@1|S=none
g2-r2-w2,g2-r1-w1,0,0,L=0|D=0@1|S=none
g2-r2-w2,g2-r1-w2,0,0,L=0|D=0@1|S=none
g2-r2-w2,g2-r1-w0-1,0,0,L=0|D=0@1|S=none
g2-r2-w2,g2-r1-w1-2,0,0,L=0|D=0@1|S=none
g2-r2-w2,g2-r2-wnone,1,1,
g2-r2-w2,g2-r2-w0,0,0,L=0|D=0@2|S=0@0
g2-r2-w2,g2-r2-w1,0,0,L=0|D=0@2|S=0@1
g2-r2-w2,g2-r2-w2,1,1,
g2-r2-w2,g2-r2-w0-1,0,0,L=0|D=0@2|S=0@0
g2-r2-w2,g2-r2-w1-2,0,0,L=0|D=0@2|S=0@1
g2-r2-w2,g2-r0-1-wnone,0,0,L=0|D=0@0;0@1|S=none
g2-r2-w2,g2-r0-1-w0,0,0,L=0|D=0@0;0@1|S=none
g2-r2-w2,g2-r0-1-w1,0,0,L=0|D=0@0;0@1|S=none
g2-r2-w2,g2-r0-1-w2,0,0,L=0|D=0@0;0@1|S=none
g2-r2-w2,g2-r0-1-w0-1,0,0,L=0|D=0@0;0@1|S=none
g2-r2-w2,g2-r0-1-w1-2,0,0,L=0|D=0@0;0@1|S=none
g2-r2-w2,g2-r1-2-wnone,1,1,
g2-r2-w2,g2-r1-2-w0,0,0,L=0|D=0@1;0@2|S=0@0
g2-r2-w2,g2-r1-2-w1,0,0,L=0|D=0@1;0@2|S=0@1
g2-r2-w2,g2-r1-2-w2,1,1,
g2-r2-w2,g2-r1-2-w0-1,0,0,L=0|D=0@1;0@2|S=0@0
g2-r2-w2,g2-r1-2-w1-2,0,0,L=0|D=0@1;0@2|S=0@1
g2-r2-w0-1,g1-rnone-wnone,0,0,L=0|D=none|S=none
g2-r2-w0-1,g1-rnone-w0,0,0,L=0|D=none|S=none
g2-r2-w0-1,g1-rnone-w1,0,0,L=0|D=none|S=none
g2-r2-w0-1,g1-rnone-w2,0,0,L=0|D=none|S=none
g2-r2-w0-1,g1-r0-wnone,0,0,L=0|D=0@0|S=none
g2-r2-w0-1,g1-r0-w0,0,0,L=0|D=0@0|S=none
g2-r2-w0-1,g1-r0-w1,0,0,L=0|D=0@0|S=none
g2-r2-w0-1,g1-r0-w2,0,0,L=0|D=0@0|S=none
g2-r2-w0-1,g1-r1-wnone,0,0,L=0|D=0@1|S=none
g2-r2-w0-1,g1-r1-w0,0,0,L=0|D=0@1|S=none
g2-r2-w0-1,g1-r1-w1,0,0,L=0|D=0@1|S=none
g2-r2-w0-1,g1-r1-w2,0,0,L=0|D=0@1|S=none
g2-r2-w0-1,g1-r2-wnone,0,0,L=0-1|D=0@2;1@2|S=none
g2-r2-w0-1,g1-r2-w0,0,0,L=0-1|D=0@2;1@2|S=none
g2-r2-w0-1,g1-r2-w1,0,0,L=0-1|D=0@2;1@2|S=none
g2-r2-w0-1,g1-r2-w2,0,0,L=0|D=0@2|S=0@2
g2-r2-w0-1,g2-rnone-wnone,0,0,L=0|D=none|S=none
g2-r2-w0-1,g2-rnone-w0,0,0,L=0|D=none|S=none
g2-r2-w0-1,g2-rnone-w1,0,0,L=0|D=none|S=none
g2-r2-w0-1,g2-rnone-w2,0,0,L=0|D=none|S=none
g2-r2-w0-1,g2-rnone-w0-1,0,0,L=0|D=none|S=none
g2-r2-w0-1,g2-rnone-w1-2,0,0,L=0|D=none|S=none
g2-r2-w0-1,g2-r0-wnone,0,0,L=0|D=0@0|S=none
g2-r2-w0-1,g2-r0-w0,0,0,L=0|D=0@0|S=none
g2-r2-w0-1,g2-r0-w1,0,0,L=0|D=0@0|S=none
g2-r2-w0-1,g2-r0-w2,0,0,L=0|D=0@0|S=none
g2-r2-w0-1,g2-r0-w0-1,0,0,L=0|D=0@0|S=none
g2-r2-w0-1,g2-r0-w1-2,0,0,L=0|D=0@0|S=none
g2-r2-w0-1,g2-r1-wnone,0,0,L=0|D=0@1|S=none
g2-r2-w0-1,g2-r1-w0,0,0,L=0|D=0@1|S=none
g2-r2-w0-1,g2-r1-w1,0,0,L=0|D=0@1|S=none
g2-r2-w0-1,g2-r1-w2,0,0,L=0|D=0@1|S=none
g2-r2-w0-1,g2-r1-w0-1,0,0,L=0|D=0@1|S=none
g2-r2-w0-1,g2-r1-w1-2,0,0,L=0|D=0@1|S=none
g2-r2-w0-1,g2-r2-wnone,1,1,
g2-r2-w0-1,g2-r2-w0,1,1,
g2-r2-w0-1,g2-r2-w1,1,1,
g2-r2-w0-1,g2-r2-w2,0,0,L=0|D=0@2|S=0@2
g2-r2-w0-1,g2-r2-w0-1,1,1,
g2-r2-w0-1,g2-r2-w1-2,0,0,L=0|D=0@2|S=0@2
g2-r2-w0-1,g2-r0-1-wnone,0,0,L=0|D=0@0;0@1|S=none
g2-r2-w0-1,g2-r0-1-w0,0,0,L=0|D=0@0;0@1|S=none
g2-r2-w0-1,g2-r0-1-w1,0,0,L=0|D=0@0;0@1|S=none
g2-r2-w0-1,g2-r0-1-w2,0,0,L=0|D=0@0;0@1|S=none
g2-r2-w0-1,g2-r0-1-w0-1,0,0,L=0|D=0@0;0@1|S=none
g2-r2-w0-1,g2-r0-1-w1-2,0,0,L=0|D=0@0;0@1|S=none
g2-r2-w0-1,g2-r1-2-wnone,1,1,
g2-r2-w0-1,g2-r1-2-w0,1,1,
g2-r2-w0-1,g2-r1-2-w1,1,1,
g2-r2-w0-1,g2-r1-2-w2,0,0,L=0|D=0@1;0@2|S=0@2
g2-r2-w0-1,g2-r1-2-w0-1,1,1,
g2-r2-w0-1,g2-r1-2-w1-2,0,0,L=0|D=0@1;0@2|S=0@2
g2-r2-w1-2,g1-rnone-wnone,0,0,L=0|D=none|S=none
g2-r2-w1-2,g1-rnone-w0,0,0,L=0|D=none|S=none
g2-r2-w1-2,g1-rnone-w1,0,0,L=0|D=none|S=none
g2-r2-w1-2,g1-rnone-w2,0,0,L=0|D=none|S=none
g2-r2-w1-2,g1-r0-wnone,0,0,L=0|D=0@0|S=none
g2-r2-w1-2,g1-r0-w0,0,0,L=0|D=0@0|S=none
g2-r2-w1-2,g1-r0-w1,0,0,L=0|D=0@0|S=none
g2-r2-w1-2,g1-r0-w2,0,0,L=0|D=0@0|S=none
g2-r2-w1-2,g1-r1-wnone,0,0,L=0|D=0@1|S=none
g2-r2-w1-2,g1-r1-w0,0,0,L=0|D=0@1|S=none
g2-r2-w1-2,g1-r1-w1,0,0,L=0|D=0@1|S=none
g2-r2-w1-2,g1-r1-w2,0,0,L=0|D=0@1|S=none
g2-r2-w1-2,g1-r2-wnone,0,0,L=0-1|D=0@2;1@2|S=none
g2-r2-w1-2,g1-r2-w0,0,0,L=0|D=0@2|S=0@0
g2-r2-w1-2,g1-r2-w1,0,0,L=0-1|D=0@2;1@2|S=none
g2-r2-w1-2,g1-r2-w2,0,0,L=0-1|D=0@2;1@2|S=none
g2-r2-w1-2,g2-rnone-wnone,0,0,L=0|D=none|S=none
g2-r2-w1-2,g2-rnone-w0,0,0,L=0|D=none|S=none
g2-r2-w1-2,g2-rnone-w1,0,0,L=0|D=none|S=none
g2-r2-w1-2,g2-rnone-w2,0,0,L=0|D=none|S=none
g2-r2-w1-2,g2-rnone-w0-1,0,0,L=0|D=none|S=none
g2-r2-w1-2,g2-rnone-w1-2,0,0,L=0|D=none|S=none
g2-r2-w1-2,g2-r0-wnone,0,0,L=0|D=0@0|S=none
g2-r2-w1-2,g2-r0-w0,0,0,L=0|D=0@0|S=none
g2-r2-w1-2,g2-r0-w1,0,0,L=0|D=0@0|S=none
g2-r2-w1-2,g2-r0-w2,0,0,L=0|D=0@0|S=none
g2-r2-w1-2,g2-r0-w0-1,0,0,L=0|D=0@0|S=none
g2-r2-w1-2,g2-r0-w1-2,0,0,L=0|D=0@0|S=none
g2-r2-w1-2,g2-r1-wnone,0,0,L=0|D=0@1|S=none
g2-r2-w1-2,g2-r1-w0,0,0,L=0|D=0@1|S=none
g2-r2-w1-2,g2-r1-w1,0,0,L=0|D=0@1|S=none
g2-r2-w1-2,g2-r1-w2,0,0,L=0|D=0@1|S=none
g2-r2-w1-2,g2-r1-w0-1,0,0,L=0|D=0@1|S=none
g2-r2-w1-2,g2-r1-w1-2,0,0,L=0|D=0@1|S=none
g2-r2-w1-2,g2-r2-wnone,1,1,
g2-r2-w1-2,g2-r2-w0,0,0,L=0|D=0@2|S=0@0
g2-r2-w1-2,g2-r2-w1,1,1,
g2-r2-w1-2,g2-r2-w2,1,1,
g2-r2-w1-2,g2-r2-w0-1,0,0,L=0|D=0@2|S=0@0
g2-r2-w1-2,g2-r2-w1-2,1,1,
g2-r2-w1-2,g2-r0-1-wnone,0,0,L=0|D=0@0;0@1|S=none
g2-r2-w1-2,g2-r0-1-w0,0,0,L=0|D=0@0;0@1|S=none
g2-r2-w1-2,g2-r0-1-w1,0,0,L=0|D=0@0;0@1|S=none
g2-r2-w1-2,g2-r0-1-w2,0,0,L=0|D=0@0;0@1|S=none
g2-r2-w1-2,g2-r0-1-w0-1,0,0,L=0|D=0@0;0@1|S=none
g2-r2-w1-2,g2-r0-1-w1-2,0,0,L=0|D=0@0;0@1|S=none
g2-r2-w1-2,g2-r1-2-wnone,1,1,
g2-r2-w1-2,g2-r1-2-w0,0,0,L=0|D=0@1;0@2|S=0@0
g2-r2-w1-2,g2-r1-2-w1,1,1,
g2-r2-w1-2,g2-r1-2-w2,1,1,
g2-r2-w1-2,g2-r1-2-w0-1,0,0,L=0|D=0@1;0@2|S=0@0
g2-r2-w1-2,g2-r1-2-w1-2,1,1,
g2-r0-1-wnone,g1-rnone-wnone,0,0,L=0|D=none|S=none
g2-r0-1-wnone,g1-rnone-w0,0,0,L=0|D=none|S=none
g2-r0-1-wnone,g1-rnone-w1,0,0,L=0|D=none|S=none
g2-r0-1-wnone,g1-rnone-w2,0,0,L=0|D=none|S=none
g2-r0-1-wnone,g1-r0-wnone,0,0,L=0|D=0@0|S=none
g2-r0-1-wnone,g1-r0-w0,0,0,L=0|D=0@0|S=none
g2-r0-1-wnone,g1-r0-w1,0,0,L=0|D=0@0|S=none
g2-r0-1-wnone,g1-r0-w2,0,0,L=0|D=0@0|S=none
g2-r0-1-wnone,g1-r1-wnone,0,0,L=0|D=0@1|S=none
g2-r0-1-wnone,g1-r1-w0,0,0,L=0|D=0@1|S=none
g2-r0-1-wnone,g1-r1-w1,0,0,L=0|D=0@1|S=none
g2-r0-1-wnone,g1-r1-w2,0,0,L=0|D=0@1|S=none
g2-r0-1-wnone,g1-r2-wnone,0,0,L=0|D=0@2|S=none
g2-r0-1-wnone,g1-r2-w0,0,0,L=0|D=0@2|S=none
g2-r0-1-wnone,g1-r2-w1,0,0,L=0|D=0@2|S=none
g2-r0-1-wnone,g1-r2-w2,0,0,L=0|D=0@2|S=none
g2-r0-1-wnone,g2-rnone-wnone,0,0,L=0|D=none|S=none
g2-r0-1-wnone,g2-rnone-w0,0,0,L=0|D=none|S=none
g2-r0-1-wnone,g2-rnone-w1,0,0,L=0|D=none|S=none
g2-r0-1-wnone,g2-rnone-w2,0,0,L=0|D=none|S=none
g2-r0-1-wnone,g2-rnone-w0-1,0,0,L=0|D=none|S=none
g2-r0-1-wnone,g2-rnone-w1-2,0,0,L=0|D=none|S=none
g2-r0-1-wnone,g2-r0-wnone,0,0,L=0|D=0@0|S=none
g2-r0-1-wnone,g2-r0-w0,0,0,L=0|D=0@0|S=none
g2-r0-1-wnone,g2-r0-w1,0,0,L=0|D=0@0|S=none
g2-r0-1-wnone,g2-r0-w2,0,0,L=0|D=0@0|S=none
g2-r0-1-wnone,g2-r0-w0-1,0,0,L=0|D=0@0|S=none
g2-r0-1-wnone,g2-r0-w1-2,0,0,L=0|D=0@0|S=none
g2-r0-1-wnone,g2-r1-wnone,0,0,L=0|D=0@1|S=none
g2-r0-1-wnone,g2-r1-w0,0,0,L=0|D=0@1|S=none
g2-r0-1-wnone,g2-r1-w1,0,0,L=0|D=0@1|S=none
g2-r0-1-wnone,g2-r1-w2,0,0,L=0|D=0@1|S=none
g2-r0-1-wnone,g2-r1-w0-1,0,0,L=0|D=0@1|S=none
g2-r0-1-wnone,g2-r1-w1-2,0,0,L=0|D=0@1|S=none
g2-r0-1-wnone,g2-r2-wnone,0,0,L=0|D=0@2|S=none
g2-r0-1-wnone,g2-r2-w0,0,0,L=0|D=0@2|S=none
g2-r0-1-wnone,g2-r2-w1,0,0,L=0|D=0@2|S=none
g2-r0-1-wnone,g2-r2-w2,0,0,L=0|D=0@2|S=none
g2-r0-1-wnone,g2-r2-w0-1,0,0,L=0|D=0@2|S=none
g2-r0-1-wnone,g2-r2-w1-2,0,0,L=0|D=0@2|S=none
g2-r0-1-wnone,g2-r0-1-wnone,1,1,
g2-r0-1-wnone,g2-r0-1-w0,0,0,L=0|D=0@0;0@1|S=0@0
g2-r0-1-wnone,g2-r0-1-w1,0,0,L=0|D=0@0;0@1|S=0@1
g2-r0-1-wnone,g2-r0-1-w2,0,0,L=0|D=0@0;0@1|S=0@2
g2-r0-1-wnone,g2-r0-1-w0-1,0,0,L=0|D=0@0;0@1|S=0@0
g2-r0-1-wnone,g2-r0-1-w1-2,0,0,L=0|D=0@0;0@1|S=0@1
g2-r0-1-wnone,g2-r1-2-wnone,0,0,L=0|D=0@1;0@2|S=none
g2-r0-1-wnone,g2-r1-2-w0,0,0,L=0|D=0@1;0@2|S=none
g2-r0-1-wnone,g2-r1-2-w1,0,0,L=0|D=0@1;0@2|S=none
g2-r0-1-wnone,g2-r1-2-w2,0,0,L=0|D=0@1;0@2|S=none
g2-r0-1-wnone,g2-r1-2-w0-1,0,0,L=0|D=0@1;0@2|S=none
g2-r0-1-wnone,g2-r1-2-w1-2,0,0,L=0|D=0@1;0@2|S=none
g2-r0-1-w0,g1-rnone-wnone,0,0,L=0|D=none|S=none
g2-r0-1-w0,g1-rnone-w0,0,0,L=0|D=none|S=none
g2-r0-1-w0,g1-rnone-w1,0,0,L=0|D=none|S=none
g2-r0-1-w0,g1-rnone-w2,0,0,L=0|D=none|S=none
g2-r0-1-w0,g1-r0-wnone,0,0,L=0|D=0@0|S=none
g2-r0-1-w0,g1-r0-w0,0,0,L=0|D=0@0|S=none
g2-r0-1-w0,g1-r0-w1,0,0,L=0|D=0@0|S=none
g2-r0-1-w0,g1-r0-w2,0,0,L=0|D=0@0|S=none
g2-r0-1-w0,g1-r1-wnone,0,0,L=0|D=0@1|S=none
g2-r0-1-w0,g1-r1-w0,0,0,L=0|D=0@1|S=none
g2-r0-1-w0,g1-r1-w1,0,0,L=0|D=0@1|S=none
g2-r0-1-w0,g1-r1-w2,0,0,L=0|D=0@1|S=none
g2-r0-1-w0,g1-r2-wnone,0,0,L=0|D=0@2|S=none
g2-r0-1-w0,g1-r2-w0,0,0,L=0|D=0@2|S=none
g2-r0-1-w0,g1-r2-w1,0,0,L=0|D=0@2|S=none
g2-r0-1-w0,g1-r2-w2,0,0,L=0|D=0@2|S=none
g2-r0-1-w0,g2-rnone-wnone,0,0,L=0|D=none|S=none
g2-r0-1-w0,g2-rnone-w0,0,0,L=0|D=none|S=none
g2-r0-1-w0,g2-rnone-w1,0,0,L=0|D=none|S=none
g2-r0-1-w0,g2-rnone-w2,0,0,L=0|D=none|S=none
g2-r0-1-w0,g2-rnone-w0-1,0,0,L=0|D=none|S=none
g2-r0-1-w0,g2-rnone-w1-2,0,0,L=0|D=none|S=none
g2-r0-1-w0,g2-r0-wnone,0,0,L=0|D=0@0|S=none
g2-r0-1-w0,g2-r0-w0,0,0,L=0|D=0@0|S=none
g2-r0-1-w0,g2-r0-w1,0,0,L=0|D=0@0|S=none
g2-r0-1-w0,g2-r0-w2,0,0,L=0|D=0@0|S=none
g2-r0-1-w0,g2-r0-w0-1,0,0,L=0|D=0@0|S=none
g2-r0-1-w0,g2-r0-w1-2,0,0,L=0|D=0@0|S=none
g2-r0-1-w0,g2-r1-wnone,0,0,L=0|D=0@1|S=none
g2-r0-1-w0,g2-r1-w0,0,0,L=0|D=0@1|S=none
g2-r0-1-w0,g2-r1-w1,0,0,L=0|D=0@1|S=none
g2-r0-1-w0,g2-r1-w2,0,0,L=0|D=0@1|S=none
g2-r0-1-w0,g2-r1-w0-1,0,0,L=0|D=0@1|S=none
g2-r0-1-w0,g2-r1-w1-2,0,0,L=0|D=0@1|S=none
g2-r0-1-w0,g2-r2-wnone,0,0,L=0|D=0@2|S=none
g2-r0-1-w0,g2-r2-w0,0,0,L=0|D=0@2|S=none
g2-r0-1-w0,g2-r2-w1,0,0,L=0|D=0@2|S=none
g2-r0-1-w0,g2-r2-w2,0,0,L=0|D=0@2|S=none
g2-r0-1-w0,g2-r2-w0-1,0,0,L=0|D=0@2|S=none
g2-r0-1-w0,g2-r2-w1-2,0,0,L=0|D=0@2|S=none
g2-r0-1-w0,g2-r0-1-wnone,1,1,
g2-r0-1-w0,g2-r0-1-w0,1,1,
g2-r0-1-w0,g2-r0-1-w1,0,0,L=0|D=0@0;0@1|S=0@1
g2-r0-1-w0,g2-r0-1-w2,0,0,L=0|D=0@0;0@1|S=0@2
g2-r0-1-w0,g2-r0-1-w0-1,0,0,L=0|D=0@0;0@1|S=0@1
g2-r0-1-w0,g2-r0-1-w1-2,0,0,L=0|D=0@0;0@1|S=0@1
g2-r0-1-w0,g2-r1-2-wnone,0,0,L=0|D=0@1;0@2|S=none
g2-r0-1-w0,g2-r1-2-w0,0,0,L=0|D=0@1;0@2|S=none
g2-r0-1-w0,g2-r1-2-w1,0,0,L=0|D=0@1;0@2|S=none
g2-r0-1-w0,g2-r1-2-w2,0,0,L=0|D=0@1;0@2|S=none
g2-r0-1-w0,g2-r1-2-w0-1,0,0,L=0|D=0@1;0@2|S=none
g2-r0-1-w0,g2-r1-2-w1-2,0,0,L=0|D=0@1;0@2|S=none
g2-r0-1-w1,g1-rnone-wnone,0,0,L=0|D=none|S=none
g2-r0-1-w1,g1-rnone-w0,0,0,L=0|D=none|S=none
g2-r0-1-w1,g1-rnone-w1,0,0,L=0|D=none|S=none
g2-r0-1-w1,g1-rnone-w2,0,0,L=0|D=none|S=none
g2-r0-1-w1,g1-r0-wnone,0,0,L=0|D=0@0|S=none
g2-r0-1-w1,g1-r0-w0,0,0,L=0|D=0@0|S=none
g2-r0-1-w1,g1-r0-w1,0,0,L=0|D=0@0|S=none
g2-r0-1-w1,g1-r0-w2,0,0,L=0|D=0@0|S=none
g2-r0-1-w1,g1-r1-wnone,0,0,L=0|D=0@1|S=none
g2-r0-1-w1,g1-r1-w0,0,0,L=0|D=0@1|S=none
g2-r0-1-w1,g1-r1-w1,0,0,L=0|D=0@1|S=none
g2-r0-1-w1,g1-r1-w2,0,0,L=0|D=0@1|S=none
g2-r0-1-w1,g1-r2-wnone,0,0,L=0|D=0@2|S=none
g2-r0-1-w1,g1-r2-w0,0,0,L=0|D=0@2|S=none
g2-r0-1-w1,g1-r2-w1,0,0,L=0|D=0@2|S=none
g2-r0-1-w1,g1-r2-w2,0,0,L=0|D=0@2|S=none
g2-r0-1-w1,g2-rnone-wnone,0,0,L=0|D=none|S=none
g2-r0-1-w1,g2-rnone-w0,0,0,L=0|D=none|S=none
g2-r0-1-w1,g2-rnone-w1,0,0,L=0|D=none|S=none
g2-r0-1-w1,g2-rnone-w2,0,0,L=0|D=none|S=none
g2-r0-1-w1,g2-rnone-w0-1,0,0,L=0|D=none|S=none
g2-r0-1-w1,g2-rnone-w1-2,0,0,L=0|D=none|S=none
g2-r0-1-w1,g2-r0-wnone,0,0,L=0|D=0@0|S=none
g2-r0-1-w1,g2-r0-w0,0,0,L=0|D=0@0|S=none
g2-r0-1-w1,g2-r0-w1,0,0,L=0|D=0@0|S=none
g2-r0-1-w1,g2-r0-w2,0,0,L=0|D=0@0|S=none
g2-r0-1-w1,g2-r0-w0-1,0,0,L=0|D=0@0|S=none
g2-r0-1-w1,g2-r0-w1-2,0,0,L=0|D=0@0|S=none
g2-r0-1-w1,g2-r1-wnone,0,0,L=0|D=0@1|S=none
g2-r0-1-w1,g2-r1-w0,0,0,L=0|D=0@1|S=none
g2-r0-1-w1,g2-r1-w1,0,0,L=0|D=0@1|S=none
g2-r0-1-w1,g2-r1-w2,0,0,L=0|D=0@1|S=none
g2-r0-1-w1,g2-r1-w0-1,0,0,L=0|D=0@1|S=none
g2-r0-1-w1,g2-r1-w1-2,0,0,L=0|D=0@1|S=none
g2-r0-1-w1,g2-r2-wnone,0,0,L=0|D=0@2|S=none
g2-r0-1-w1,g2-r2-w0,0,0,L=0|D=0@2|S=none
g2-r0-1-w1,g2-r2-w1,0,0,L=0|D=0@2|S=none
g2-r0-1-w1,g2-r2-w2,0,0,L=0|D=0@2|S=none
g2-r0-1-w1,g2-r2-w0-1,0,0,L=0|D=0@2|S=none
g2-r0-1-w1,g2-r2-w1-2,0,0,L=0|D=0@2|S=none
g2-r0-1-w1,g2-r0-1-wnone,1,1,
g2-r0-1-w1,g2-r0-1-w0,0,0,L=0|D=0@0;0@1|S=0@0
g2-r0-1-w1,g2-r0-1-w1,1,1,
g2-r0-1-w1,g2-r0-1-w2,0,0,L=0|D=0@0;0@1|S=0@2
g2-r0-1-w1,g2-r0-1-w0-1,0,0,L=0|D=0@0;0@1|S=0@0
g2-r0-1-w1,g2-r0-1-w1-2,0,0,L=0|D=0@0;0@1|S=0@2
g2-r0-1-w1,g2-r1-2-wnone,0,0,L=0|D=0@1;0@2|S=none
g2-r0-1-w1,g2-r1-2-w0,0,0,L=0|D=0@1;0@2|S=none
g2-r0-1-w1,g2-r1-2-w1,0,0,L=0|D=0@1;0@2|S=none
g2-r0-1-w1,g2-r1-2-w2,0,0,L=0|D=0@1;0@2|S=none
g2-r0-1-w1,g2-r1-2-w0-1,0,0,L=0|D=0@1;0@2|S=none
g2-r0-1-w1,g2-r1-2-w1-2,0,0,L=0|D=0@1;0@2|S=none
g2-r0-1-w2,g1-rnone-wnone,0,0,L=0|D=none|S=none
g2-r0-1-w2,g1-rnone-w0,0,0,L=0|D=none|S=none
g2-r0-1-w2,g1-rnone-w1,0,0,L=0|D=none|S=none
g2-r0-1-w2,g1-rnone-w2,0,0,L=0|D=none|S=none
g2-r0-1-w2,g1-r0-wnone,0,0,L=0|D=0@0|S=none
g2-r0-1-w2,g1-r0-w0,0,0,L=0|D=0@0|S=none
g2-r0-1-w2,g1-r0-w1,0,0,L=0|D=0@0|S=none
g2-r0-1-w2,g1-r0-w2,0,0,L=0|D=0@0|S=none
g2-r0-1-w2,g1-r1-wnone,0,0,L=0|D=0@1|S=none
g2-r0-1-w2,g1-r1-w0,0,0,L=0|D=0@1|S=none
g2-r0-1-w2,g1-r1-w1,0,0,L=0|D=0@1|S=none
g2-r0-1-w2,g1-r1-w2,0,0,L=0|D=0@1|S=none
g2-r0-1-w2,g1-r2-wnone,0,0,L=0|D=0@2|S=none
g2-r0-1-w2,g1-r2-w0,0,0,L=0|D=0@2|S=none
g2-r0-1-w2,g1-r2-w1,0,0,L=0|D=0@2|S=none
g2-r0-1-w2,g1-r2-w2,0,0,L=0|D=0@2|S=none
g2-r0-1-w2,g2-rnone-wnone,0,0,L=0|D=none|S=none
g2-r0-1-w2,g2-rnone-w0,0,0,L=0|D=none|S=none
g2-r0-1-w2,g2-rnone-w1,0,0,L=0|D=none|S=none
g2-r0-1-w2,g2-rnone-w2,0,0,L=0|D=none|S=none
g2-r0-1-w2,g2-rnone-w0-1,0,0,L=0|D=none|S=none
g2-r0-1-w2,g2-rnone-w1-2,0,0,L=0|D=none|S=none
g2-r0-1-w2,g2-r0-wnone,0,0,L=0|D=0@0|S=none
g2-r0-1-w2,g2-r0-w0,0,0,L=0|D=0@0|S=none
g2-r0-1-w2,g2-r0-w1,0,0,L=0|D=0@0|S=none
g2-r0-1-w2,g2-r0-w2,0,0,L=0|D=0@0|S=none
g2-r0-1-w2,g2-r0-w0-1,0,0,L=0|D=0@0|S=none
g2-r0-1-w2,g2-r0-w1-2,0,0,L=0|D=0@0|S=none
g2-r0-1-w2,g2-r1-wnone,0,0,L=0|D=0@1|S=none
g2-r0-1-w2,g2-r1-w0,0,0,L=0|D=0@1|S=none
g2-r0-1-w2,g2-r1-w1,0,0,L=0|D=0@1|S=none
g2-r0-1-w2,g2-r1-w2,0,0,L=0|D=0@1|S=none
g2-r0-1-w2,g2-r1-w0-1,0,0,L=0|D=0@1|S=none
g2-r0-1-w2,g2-r1-w1-2,0,0,L=0|D=0@1|S=none
g2-r0-1-w2,g2-r2-wnone,0,0,L=0|D=0@2|S=none
g2-r0-1-w2,g2-r2-w0,0,0,L=0|D=0@2|S=none
g2-r0-1-w2,g2-r2-w1,0,0,L=0|D=0@2|S=none
g2-r0-1-w2,g2-r2-w2,0,0,L=0|D=0@2|S=none
g2-r0-1-w2,g2-r2-w0-1,0,0,L=0|D=0@2|S=none
g2-r0-1-w2,g2-r2-w1-2,0,0,L=0|D=0@2|S=none
g2-r0-1-w2,g2-r0-1-wnone,1,1,
g2-r0-1-w2,g2-r0-1-w0,0,0,L=0|D=0@0;0@1|S=0@0
g2-r0-1-w2,g2-r0-1-w1,0,0,L=0|D=0@0;0@1|S=0@1
g2-r0-1-w2,g2-r0-1-w2,1,1,
g2-r0-1-w2,g2-r0-1-w0-1,0,0,L=0|D=0@0;0@1|S=0@0
g2-r0-1-w2,g2-r0-1-w1-2,0,0,L=0|D=0@0;0@1|S=0@1
g2-r0-1-w2,g2-r1-2-wnone,0,0,L=0|D=0@1;0@2|S=none
g2-r0-1-w2,g2-r1-2-w0,0,0,L=0|D=0@1;0@2|S=none
g2-r0-1-w2,g2-r1-2-w1,0,0,L=0|D=0@1;0@2|S=none
g2-r0-1-w2,g2-r1-2-w2,0,0,L=0|D=0@1;0@2|S=none
g2-r0-1-w2,g2-r1-2-w0-1,0,0,L=0|D=0@1;0@2|S=none
g2-r0-1-w2,g2-r1-2-w1-2,0,0,L=0|D=0@1;0@2|S=none
g2-r0-1-w0-1,g1-rnone-wnone,0,0,L=0|D=none|S=none
g2-r0-1-w0-1,g1-rnone-w0,0,0,L=0|D=none|S=none
g2-r0-1-w0-1,g1-rnone-w1,0,0,L=0|D=none|S=none
g2-r0-1-w0-1,g1-rnone-w2,0,0,L=0|D=none|S=none
g2-r0-1-w0-1,g1-r0-wnone,0,0,L=0|D=0@0|S=none
g2-r0-1-w0-1,g1-r0-w0,0,0,L=0|D=0@0|S=none
g2-r0-1-w0-1,g1-r0-w1,0,0,L=0|D=0@0|S=none
g2-r0-1-w0-1,g1-r0-w2,0,0,L=0|D=0@0|S=none
g2-r0-1-w0-1,g1-r1-wnone,0,0,L=0|D=0@1|S=none
g2-r0-1-w0-1,g1-r1-w0,0,0,L=0|D=0@1|S=none
g2-r0-1-w0-1,g1-r1-w1,0,0,L=0|D=0@1|S=none
g2-r0-1-w0-1,g1-r1-w2,0,0,L=0|D=0@1|S=none
g2-r0-1-w0-1,g1-r2-wnone,0,0,L=0|D=0@2|S=none
g2-r0-1-w0-1,g1-r2-w0,0,0,L=0|D=0@2|S=none
g2-r0-1-w0-1,g1-r2-w1,0,0,L=0|D=0@2|S=none
g2-r0-1-w0-1,g1-r2-w2,0,0,L=0|D=0@2|S=none
g2-r0-1-w0-1,g2-rnone-wnone,0,0,L=0|D=none|S=none
g2-r0-1-w0-1,g2-rnone-w0,0,0,L=0|D=none|S=none
g2-r0-1-w0-1,g2-rnone-w1,0,0,L=0|D=none|S=none
g2-r0-1-w0-1,g2-rnone-w2,0,0,L=0|D=none|S=none
g2-r0-1-w0-1,g2-rnone-w0-1,0,0,L=0|D=none|S=none
g2-r0-1-w0-1,g2-rnone-w1-2,0,0,L=0|D=none|S=none
g2-r0-1-w0-1,g2-r0-wnone,0,0,L=0|D=0@0|S=none
g2-r0-1-w0-1,g2-r0-w0,0,0,L=0|D=0@0|S=none
g2-r0-1-w0-1,g2-r0-w1,0,0,L=0|D=0@0|S=none
g2-r0-1-w0-1,g2-r0-w2,0,0,L=0|D=0@0|S=none
g2-r0-1-w0-1,g2-r0-w0-1,0,0,L=0|D=0@0|S=none
g2-r0-1-w0-1,g2-r0-w1-2,0,0,L=0|D=0@0|S=none
g2-r0-1-w0-1,g2-r1-wnone,0,0,L=0|D=0@1|S=none
g2-r0-1-w0-1,g2-r1-w0,0,0,L=0|D=0@1|S=none
g2-r0-1-w0-1,g2-r1-w1,0,0,L=0|D=0@1|S=none
g2-r0-1-w0-1,g2-r1-w2,0,0,L=0|D=0@1|S=none
g2-r0-1-w0-1,g2-r1-w0-1,0,0,L=0|D=0@1|S=none
g2-r0-1-w0-1,g2-r1-w1-2,0,0,L=0|D=0@1|S=none
g2-r0-1-w0-1,g2-r2-wnone,0,0,L=0|D=0@2|S=none
g2-r0-1-w0-1,g2-r2-w0,0,0,L=0|D=0@2|S=none
g2-r0-1-w0-1,g2-r2-w1,0,0,L=0|D=0@2|S=none
g2-r0-1-w0-1,g2-r2-w2,0,0,L=0|D=0@2|S=none
g2-r0-1-w0-1,g2-r2-w0-1,0,0,L=0|D=0@2|S=none
g2-r0-1-w0-1,g2-r2-w1-2,0,0,L=0|D=0@2|S=none
g2-r0-1-w0-1,g2-r0-1-wnone,1,1,
g2-r0-1-w0-1,g2-r0-1-w0,1,1,
g2-r0-1-w0-1,g2-r0-1-w1,1,1,
g2-r0-1-w0-1,g2-r0-1-w2,0,0,L=0|D=0@0;0@1|S=0@2
g2-r0-1-w0-1,g2-r0-1-w0-1,1,1,
g2-r0-1-w0-1,g2-r0-1-w1-2,0,0,L=0|D=0@0;0@1|S=0@2
g2-r0-1-w0-1,g2-r1-2-wnone,0,0,L=0|D=0@1;0@2|S=none
g2-r0-1-w0-1,g2-r1-2-w0,0,0,L=0|D=0@1;0@2|S=none
g2-r0-1-w0-1,g2-r1-2-w1,0,0,L=0|D=0@1;0@2|S=none
g2-r0-1-w0-1,g2-r1-2-w2,0,0,L=0|D=0@1;0@2|S=none
g2-r0-1-w0-1,g2-r1-2-w0-1,0,0,L=0|D=0@1;0@2|S=none
g2-r0-1-w0-1,g2-r1-2-w1-2,0,0,L=0|D=0@1;0@2|S=none
g2-r0-1-w1-2,g1-rnone-wnone,0,0,L=0|D=none|S=none
g2-r0-1-w1-2,g1-rnone-w0,0,0,L=0|D=none|S=none
g2-r0-1-w1-2,g1-rnone-w1,0,0,L=0|D=none|S=none
g2-r0-1-w1-2,g1-rnone-w2,0,0,L=0|D=none|S=none
g2-r0-1-w1-2,g1-r0-wnone,0,0,L=0|D=0@0|S=none
g2-r0-1-w1-2,g1-r0-w0,0,0,L=0|D=0@0|S=none
g2-r0-1-w1-2,g1-r0-w1,0,0,L=0|D=0@0|S=none
g2-r0-1-w1-2,g1-r0-w2,0,0,L=0|D=0@0|S=none
g2-r0-1-w1-2,g1-r1-wnone,0,0,L=0|D=0@1|S=none
g2-r0-1-w1-2,g1-r1-w0,0,0,L=0|D=0@1|S=none
g2-r0-1-w1-2,g1-r1-w1,0,0,L=0|D=0@1|S=none
g2-r0-1-w1-2,g1-r1-w2,0,0,L=0|D=0@1|S=none
g2-r0-1-w1-2,g1-r2-wnone,0,0,L=0|D=0@2|S=none
g2-r0-1-w1-2,g1-r2-w0,0,0,L=0|D=0@2|S=none
g2-r0-1-w1-2,g1-r2-w1,0,0,L=0|D=0@2|S=none
g2-r0-1-w1-2,g1-r2-w2,0,0,L=0|D=0@2|S=none
g2-r0-1-w1-2,g2-rnone-wnone,0,0,L=0|D=none|S=none
g2-r0-1-w1-2,g2-rnone-w0,0,0,L=0|D=none|S=none
g2-r0-1-w1-2,g2-rnone-w1,0,0,L=0|D=none|S=none
g2-r0-1-w1-2,g2-rnone-w2,0,0,L=0|D=none|S=none
g2-r0-1-w1-2,g2-rnone-w0-1,0,0,L=0|D=none|S=none
g2-r0-1-w1-2,g2-rnone-w1-2,0,0,L=0|D=none|S=none
g2-r0-1-w1-2,g2-r0-wnone,0,0,L=0|D=0@0|S=none
g2-r0-1-w1-2,g2-r0-w0,0,0,L=0|D=0@0|S=none
g2-r0-1-w1-2,g2-r0-w1,0,0,L=0|D=0@0|S=none
g2-r0-1-w1-2,g2-r0-w2,0,0,L=0|D=0@0|S=none
g2-r0-1-w1-2,g2-r0-w0-1,0,0,L=0|D=0@0|S=none
g2-r0-1-w1-2,g2-r0-w1-2,0,0,L=0|D=0@0|S=none
g2-r0-1-w1-2,g2-r1-wnone,0,0,L=0|D=0@1|S=none
g2-r0-1-w1-2,g2-r1-w0,0,0,L=0|D=0@1|S=none
g2-r0-1-w1-2,g2-r1-w1,0,0,L=0|D=0@1|S=none
g2-r0-1-w1-2,g2-r1-w2,0,0,L=0|D=0@1|S=none
g2-r0-1-w1-2,g2-r1-w0-1,0,0,L=0|D=0@1|S=none
g2-r0-1-w1-2,g2-r1-w1-2,0,0,L=0|D=0@1|S=none
g2-r0-1-w1-2,g2-r2-wnone,0,0,L=0|D=0@2|S=none
g2-r0-1-w1-2,g2-r2-w0,0,0,L=0|D=0@2|S=none
g2-r0-1-w1-2,g2-r2-w1,0,0,L=0|D=0@2|S=none
g2-r0-1-w1-2,g2-r2-w2,0,0,L=0|D=0@2|S=none
g2-r0-1-w1-2,g2-r2-w0-1,0,0,L=0|D=0@2|S=none
g2-r0-1-w1-2,g2-r2-w1-2,0,0,L=0|D=0@2|S=none
g2-r0-1-w1-2,g2-r0-1-wnone,1,1,
g2-r0-1-w1-2,g2-r0-1-w0,0,0,L=0|D=0@0;0@1|S=0@0
g2-r0-1-w1-2,g2-r0-1-w1,1,1,
g2-r0-1-w1-2,g2-r0-1-w2,1,1,
g2-r0-1-w1-2,g2-r0-1-w0-1,0,0,L=0|D=0@0;0@1|S=0@0
g2-r0-1-w1-2,g2-r0-1-w1-2,1,1,
g2-r0-1-w1-2,g2-r1-2-wnone,0,0,L=0|D=0@1;0@2|S=none
g2-r0-1-w1-2,g2-r1-2-w0,0,0,L=0|D=0@1;0@2|S=none
g2-r0-1-w1-2,g2-r1-2-w1,0,0,L=0|D=0@1;0@2|S=none
g2-r0-1-w1-2,g2-r1-2-w2,0,0,L=0|D=0@1;0@2|S=none
g2-r0-1-w1-2,g2-r1-2-w0-1,0,0,L=0|D=0@1;0@2|S=none
g2-r0-1-w1-2,g2-r1-2-w1-2,0,0,L=0|D=0@1;0@2|S=none
g2-r1-2-wnone,g1-rnone-wnone,0,0,L=0|D=none|S=none
g2-r1-2-wnone,g1-rnone-w0,0,0,L=0|D=none|S=none
g2-r1-2-wnone,g1-rnone-w1,0,0,L=0|D=none|S=none
g2-r1-2-wnone,g1-rnone-w2,0,0,L=0|D=none|S=none
g2-r1-2-wnone,g1-r0-wnone,0,0,L=0|D=0@0|S=none
g2-r1-2-wnone,g1-r0-w0,0,0,L=0|D=0@0|S=none
g2-r1-2-wnone,g1-r0-w1,0,0,L=0|D=0@0|S=none
g2-r1-2-wnone,g1-r0-w2,0,0,L=0|D=0@0|S=none
g2-r1-2-wnone,g1-r1-wnone,0,0,L=0|D=0@1|S=none
g2-r1-2-wnone,g1-r1-w0,0,0,L=0|D=0@1|S=none
g2-r1-2-wnone,g1-r1-w1,0,0,L=0|D=0@1|S=none
g2-r1-2-wnone,g1-r1-w2,0,0,L=0|D=0@1|S=none
g2-r1-2-wnone,g1-r2-wnone,0,0,L=0|D=0@2|S=none
g2-r1-2-wnone,g1-r2-w0,0,0,L=0|D=0@2|S=none
g2-r1-2-wnone,g1-r2-w1,0,0,L=0|D=0@2|S=none
g2-r1-2-wnone,g1-r2-w2,0,0,L=0|D=0@2|S=none
g2-r1-2-wnone,g2-rnone-wnone,0,0,L=0|D=none|S=none
g2-r1-2-wnone,g2-rnone-w0,0,0,L=0|D=none|S=none
g2-r1-2-wnone,g2-rnone-w1,0,0,L=0|D=none|S=none
g2-r1-2-wnone,g2-rnone-w2,0,0,L=0|D=none|S=none
g2-r1-2-wnone,g2-rnone-w0-1,0,0,L=0|D=none|S=none
g2-r1-2-wnone,g2-rnone-w1-2,0,0,L=0|D=none|S=none
g2-r1-2-wnone,g2-r0-wnone,0,0,L=0|D=0@0|S=none
g2-r1-2-wnone,g2-r0-w0,0,0,L=0|D=0@0|S=none
g2-r1-2-wnone,g2-r0-w1,0,0,L=0|D=0@0|S=none
g2-r1-2-wnone,g2-r0-w2,0,0,L=0|D=0@0|S=none
g2-r1-2-wnone,g2-r0-w0-1,0,0,L=0|D=0@0|S=none
g2-r1-2-wnone,g2-r0-w1-2,0,0,L=0|D=0@0|S=none
g2-r1-2-wnone,g2-r1-wnone,0,0,L=0|D=0@1|S=none
g2-r1-2-wnone,g2-r1-w0,0,0,L=0|D=0@1|S=none
g2-r1-2-wnone,g2-r1-w1,0,0,L=0|D=0@1|S=none
g2-r1-2-wnone,g2-r1-w2,0,0,L=0|D=0@1|S=none
g2-r1-2-wnone,g2-r1-w0-1,0,0,L=0|D=0@1|S=none
g2-r1-2-wnone,g2-r1-w1-2,0,0,L=0|D=0@1|S=none
g2-r1-2-wnone,g2-r2-wnone,0,0,L=0|D=0@2|S=none
g2-r1-2-wnone,g2-r2-w0,0,0,L=0|D=0@2|S=none
g2-r1-2-wnone,g2-r2-w1,0,0,L=0|D=0@2|S=none
g2-r1-2-wnone,g2-r2-w2,0,0,L=0|D=0@2|S=none
g2-r1-2-wnone,g2-r2-w0-1,0,0,L=0|D=0@2|S=none
g2-r1-2-wnone,g2-r2-w1-2,0,0,L=0|D=0@2|S=none
g2-r1-2-wnone,g2-r0-1-wnone,0,0,L=0|D=0@0;0@1|S=none
g2-r1-2-wnone,g2-r0-1-w0,0,0,L=0|D=0@0;0@1|S=none
g2-r1-2-wnone,g2-r0-1-w1,0,0,L=0|D=0@0;0@1|S=none
g2-r1-2-wnone,g2-r0-1-w2,0,0,L=0|D=0@0;0@1|S=none
g2-r1-2-wnone,g2-r0-1-w0-1,0,0,L=0|D=0@0;0@1|S=none
g2-r1-2-wnone,g2-r0-1-w1-2,0,0,L=0|D=0@0;0@1|S=none
g2-r1-2-wnone,g2-r1-2-wnone,1,1,
g2-r1-2-wnone,g2-r1-2-w0,0,0,L=0|D=0@1;0@2|S=0@0
g2-r1-2-wnone,g2-r1-2-w1,0,0,L=0|D=0@1;0@2|S=0@1
g2-r1-2-wnone,g2-r1-2-w2,0,0,L=0|D=0@1;0@2|S=0@2
g2-r1-2-wnone,g2-r1-2-w0-1,0,0,L=0|D=0@1;0@2|S=0@0
g2-r1-2-wnone,g2-r1-2-w1-2,0,0,L=0|D=0@1;0@2|S=0@1
g2-r1-2-w0,g1-rnone-wnone,0,0,L=0|D=none|S=none
g2-r1-2-w0,g1-rnone-w0,0,0,L=0|D=none|S=none
g2-r1-2-w0,g1-rnone-w1,0,0,L=0|D=none|S=none
g2-r1-2-w0,g1-rnone-w2,0,0,L=0|D=none|S=none
g2-r1-2-w0,g1-r0-wnone,0,0,L=0|D=0@0|S=none
g2-r1-2-w0,g1-r0-w0,0,0,L=0|D=0@0|S=none
g2-r1-2-w0,g1-r0-w1,0,0,L=0|D=0@0|S=none
g2-r1-2-w0,g1-r0-w2,0,0,L=0|D=0@0|S=none
g2-r1-2-w0,g1-r1-wnone,0,0,L=0|D=0@1|S=none
g2-r1-2-w0,g1-r1-w0,0,0,L=0|D=0@1|S=none
g2-r1-2-w0,g1-r1-w1,0,0,L=0|D=0@1|S=none
g2-r1-2-w0,g1-r1-w2,0,0,L=0|D=0@1|S=none
g2-r1-2-w0,g1-r2-wnone,0,0,L=0|D=0@2|S=none
g2-r1-2-w0,g1-r2-w0,0,0,L=0|D=0@2|S=none
g2-r1-2-w0,g1-r2-w1,0,0,L=0|D=0@2|S=none
g2-r1-2-w0,g1-r2-w2,0,0,L=0|D=0@2|S=none
g2-r1-2-w0,g2-rnone-wnone,0,0,L=0|D=none|S=none
g2-r1-2-w0,g2-rnone-w0,0,0,L=0|D=none|S=none
g2-r1-2-w0,g2-rnone-w1,0,0,L=0|D=none|S=none
g2-r1-2-w0,g2-rnone-w2,0,0,L=0|D=none|S=none
g2-r1-2-w0,g2-rnone-w0-1,0,0,L=0|D=none|S=none
g2-r1-2-w0,g2-rnone-w1-2,0,0,L=0|D=none|S=none
g2-r1-2-w0,g2-r0-wnone,0,0,L=0|D=0@0|S=none
g2-r1-2-w0,g2-r0-w0,0,0,L=0|D=0@0|S=none
g2-r1-2-w0,g2-r0-w1,0,0,L=0|D=0@0|S=none
g2-r1-2-w0,g2-r0-w2,0,0,L=0|D=0@0|S=none
g2-r1-2-w0,g2-r0-w0-1,0,0,L=0|D=0@0|S=none
g2-r1-2-w0,g2-r0-w1-2,0,0,L=0|D=0@0|S=none
g2-r1-2-w0,g2-r1-wnone,0,0,L=0|D=0@1|S=none
g2-r1-2-w0,g2-r1-w0,0,0,L=0|D=0@1|S=none
g2-r1-2-w0,g2-r1-w1,0,0,L=0|D=0@1|S=none
g2-r1-2-w0,g2-r1-w2,0,0,L=0|D=0@1|S=none
g2-r1-2-w0,g2-r1-w0-1,0,0,L=0|D=0@1|S=none
g2-r1-2-w0,g2-r1-w1-2,0,0,L=0|D=0@1|S=none
g2-r1-2-w0,g2-r2-wnone,0,0,L=0|D=0@2|S=none
g2-r1-2-w0,g2-r2-w0,0,0,L=0|D=0@2|S=none
g2-r1-2-w0,g2-r2-w1,0,0,L=0|D=0@2|S=none
g2-r1-2-w0,g2-r2-w2,0,0,L=0|D=0@2|S=none
g2-r1-2-w0,g2-r2-w0-1,0,0,L=0|D=0@2|S=none
g2-r1-2-w0,g2-r2-w1-2,0,0,L=0|D=0@2|S=none
g2-r1-2-w0,g2-r0-1-wnone,0,0,L=0|D=0@0;0@1|S=none
g2-r1-2-w0,g2-r0-1-w0,0,0,L=0|D=0@0;0@1|S=none
g2-r1-2-w0,g2-r0-1-w1,0,0,L=0|D=0@0;0@1|S=none
g2-r1-2-w0,g2-r0-1-w2,0,0,L=0|D=0@0;0@1|S=none
g2-r1-2-w0,g2-r0-1-w0-1,0,0,L=0|D=0@0;0@1|S=none
g2-r1-2-w0,g2-r0-1-w1-2,0,0,L=0|D=0@0;0@1|S=none
g2-r1-2-w0,g2-r1-2-wnone,1,1,
g2-r1-2-w0,g2-r1-2-w0,1,1,
g2-r1-2-w0,g2-r1-2-w1,0,0,L=0|D=0@1;0@2|S=0@1
g2-r1-2-w0,g2-r1-2-w2,0,0,L=0|D=0@1;0@2|S=0@2
g2-r1-2-w0,g2-r1-2-w0-1,0,0,L=0|D=0@1;0@2|S=0@1
g2-r1-2-w0,g2-r1-2-w1-2,0,0,L=0|D=0@1;0@2|S=0@1
g2-r1-2-w1,g1-rnone-wnone,0,0,L=0|D=none|S=none
g2-r1-2-w1,g1-rnone-w0,0,0,L=0|D=none|S=none
g2-r1-2-w1,g1-rnone-w1,0,0,L=0|D=none|S=none
g2-r1-2-w1,g1-rnone-w2,0,0,L=0|D=none|S=none
g2-r1-2-w1,g1-r0-wnone,0,0,L=0|D=0@0|S=none
g2-r1-2-w1,g1-r0-w0,0,0,L=0|D=0@0|S=none
g2-r1-2-w1,g1-r0-w1,0,0,L=0|D=0@0|S=none
g2-r1-2-w1,g1-r0-w2,0,0,L=0|D=0@0|S=none
g2-r1-2-w1,g1-r1-wnone,0,0,L=0|D=0@1|S=none
g2-r1-2-w1,g1-r1-w0,0,0,L=0|D=0@1|S=none
g2-r1-2-w1,g1-r1-w1,0,0,L=0|D=0@1|S=none
g2-r1-2-w1,g1-r1-w2,0,0,L=0|D=0@1|S=none
g2-r1-2-w1,g1-r2-wnone,0,0,L=0|D=0@2|S=none
g2-r1-2-w1,g1-r2-w0,0,0,L=0|D=0@2|S=none
g2-r1-2-w1,g1-r2-w1,0,0,L=0|D=0@2|S=none
g2-r1-2-w1,g1-r2-w2,0,0,L=0|D=0@2|S=none
g2-r1-2-w1,g2-rnone-wnone,0,0,L=0|D=none|S=none
g2-r1-2-w1,g2-rnone-w0,0,0,L=0|D=none|S=none
g2-r1-2-w1,g2-rnone-w1,0,0,L=0|D=none|S=none
g2-r1-2-w1,g2-rnone-w2,0,0,L=0|D=none|S=none
g2-r1-2-w1,g2-rnone-w0-1,0,0,L=0|D=none|S=none
g2-r1-2-w1,g2-rnone-w1-2,0,0,L=0|D=none|S=none
g2-r1-2-w1,g2-r0-wnone,0,0,L=0|D=0@0|S=none
g2-r1-2-w1,g2-r0-w0,0,0,L=0|D=0@0|S=none
g2-r1-2-w1,g2-r0-w1,0,0,L=0|D=0@0|S=none
g2-r1-2-w1,g2-r0-w2,0,0,L=0|D=0@0|S=none
g2-r1-2-w1,g2-r0-w0-1,0,0,L=0|D=0@0|S=none
g2-r1-2-w1,g2-r0-w1-2,0,0,L=0|D=0@0|S=none
g2-r1-2-w1,g2-r1-wnone,0,0,L=0|D=0@1|S=none
g2-r1-2-w1,g2-r1-w0,0,0,L=0|D=0@1|S=none
g2-r1-2-w1,g2-r1-w1,0,0,L=0|D=0@1|S=none
g2-r1-2-w1,g2-r1-w2,0,0,L=0|D=0@1|S=none
g2-r1-2-w1,g2-r1-w0-1,0,0,L=0|D=0@1|S=none
g2-r1-2-w1,g2-r1-w1-2,0,0,L=0|D=0@1|S=none
g2-r1-2-w1,g2-r2-wnone,0,0,L=0|D=0@2|S=none
g2-r1-2-w1,g2-r2-w0,0,0,L=0|D=0@2|S=none
g2-r1-2-w1,g2-r2-w1,0,0,L=0|D=0@2|S=none
g2-r1-2-w1,g2-r2-w2,0,0,L=0|D=0@2|S=none
g2-r1-2-w1,g2-r2-w0-1,0,0,L=0|D=0@2|S=none
g2-r1-2-w1,g2-r2-w1-2,0,0,L=0|D=0@2|S=none
g2-r1-2-w1,g2-r0-1-wnone,0,0,L=0|D=0@0;0@1|S=none
g2-r1-2-w1,g2-r0-1-w0,0,0,L=0|D=0@0;0@1|S=none
g2-r1-2-w1,g2-r0-1-w1,0,0,L=0|D=0@0;0@1|S=none
g2-r1-2-w1,g2-r0-1-w2,0,0,L=0|D=0@0;0@1|S=none
g2-r1-2-w1,g2-r0-1-w0-1,0,0,L=0|D=0@0;0@1|S=none
g2-r1-2-w1,g2-r0-1-w1-2,0,0,L=0|D=0@0;0@1|S=none
g2-r1-2-w1,g2-r1-2-wnone,1,1,
g2-r1-2-w1,g2-r1-2-w0,0,0,L=0|D=0@1;0@2|S=0@0
g2-r1-2-w1,g2-r1-2-w1,1,1,
g2-r1-2-w1,g2-r1-2-w2,0,0,L=0|D=0@1;0@2|S=0@2
g2-r1-2-w1,g2-r1-2-w0-1,0,0,L=0|D=0@1;0@2|S=0@0
g2-r1-2-w1,g2-r1-2-w1-2,0,0,L=0|D=0@1;0@2|S=0@2
g2-r1-2-w2,g1-rnone-wnone,0,0,L=0|D=none|S=none
g2-r1-2-w2,g1-rnone-w0,0,0,L=0|D=none|S=none
g2-r1-2-w2,g1-rnone-w1,0,0,L=0|D=none|S=none
g2-r1-2-w2,g1-rnone-w2,0,0,L=0|D=none|S=none
g2-r1-2-w2,g1-r0-wnone,0,0,L=0|D=0@0|S=none
g2-r1-2-w2,g1-r0-w0,0,0,L=0|D=0@0|S=none
g2-r1-2-w2,g1-r0-w1,0,0,L=0|D=0@0|S=none
g2-r1-2-w2,g1-r0-w2,0,0,L=0|D=0@0|S=none
g2-r1-2-w2,g1-r1-wnone,0,0,L=0|D=0@1|S=none
g2-r1-2-w2,g1-r1-w0,0,0,L=0|D=0@1|S=none
g2-r1-2-w2,g1-r1-w1,0,0,L=0|D=0@1|S=none
g2-r1-2-w2,g1-r1-w2,0,0,L=0|D=0@1|S=none
g2-r1-2-w2,g1-r2-wnone,0,0,L=0|D=0@2|S=none
g2-r1-2-w2,g1-r2-w0,0,0,L=0|D=0@2|S=none
g2-r1-2-w2,g1-r2-w1,0,0,L=0|D=0@2|S=none
g2-r1-2-w2,g1-r2-w2,0,0,L=0|D=0@2|S=none
g2-r1-2-w2,g2-rnone-wnone,0,0,L=0|D=none|S=none
g2-r1-2-w2,g2-rnone-w0,0,0,L=0|D=none|S=none
g2-r1-2-w2,g2-rnone-w1,0,0,L=0|D=none|S=none
g2-r1-2-w2,g2-rnone-w2,0,0,L=0|D=none|S=none
g2-r1-2-w2,g2-rnone-w0-1,0,0,L=0|D=none|S=none
g2-r1-2-w2,g2-rnone-w1-2,0,0,L=0|D=none|S=none
g2-r1-2-w2,g2-r0-wnone,0,0,L=0|D=0@0|S=none
g2-r1-2-w2,g2-r0-w0,0,0,L=0|D=0@0|S=none
g2-r1-2-w2,g2-r0-w1,0,0,L=0|D=0@0|S=none
g2-r1-2-w2,g2-r0-w2,0,0,L=0|D=0@0|S=none
g2-r1-2-w2,g2-r0-w0-1,0,0,L=0|D=0@0|S=none
g2-r1-2-w2,g2-r0-w1-2,0,0,L=0|D=0@0|S=none
g2-r1-2-w2,g2-r1-wnone,0,0,L=0|D=0@1|S=none
g2-r1-2-w2,g2-r1-w0,0,0,L=0|D=0@1|S=none
g2-r1-2-w2,g2-r1-w1,0,0,L=0|D=0@1|S=none
g2-r1-2-w2,g2-r1-w2,0,0,L=0|D=0@1|S=none
g2-r1-2-w2,g2-r1-w0-1,0,0,L=0|D=0@1|S=none
g2-r1-2-w2,g2-r1-w1-2,0,0,L=0|D=0@1|S=none
g2-r1-2-w2,g2-r2-wnone,0,0,L=0|D=0@2|S=none
g2-r1-2-w2,g2-r2-w0,0,0,L=0|D=0@2|S=none
g2-r1-2-w2,g2-r2-w1,0,0,L=0|D=0@2|S=none
g2-r1-2-w2,g2-r2-w2,0,0,L=0|D=0@2|S=none
g2-r1-2-w2,g2-r2-w0-1,0,0,L=0|D=0@2|S=none
g2-r1-2-w2,g2-r2-w1-2,0,0,L=0|D=0@2|S=none
g2-r1-2-w2,g2-r0-1-wnone,0,0,L=0|D=0@0;0@1|S=none
g2-r1-2-w2,g2-r0-1-w0,0,0,L=0|D=0@0;0@1|S=none
g2-r1-2-w2,g2-r0-1-w1,0,0,L=0|D=0@0;0@1|S=none
g2-r1-2-w2,g2-r0-1-w2,0,0,L=0|D=0@0;0@1|S=none
g2-r1-2-w2,g2-r0-1-w0-1,0,0,L=0|D=0@0;0@1|S=none
g2-r1-2-w2,g2-r0-1-w1-2,0,0,L=0|D=0@0;0@1|S=none
g2-r1-2-w2,g2-r1-2-wnone,1,1,
g2-r1-2-w2,g2-r1-2-w0,0,0,L=0|D=0@1;0@2|S=0@0
g2-r1-2-w2,g2-r1-2-w1,0,0,L=0|D=0@1;0@2|S=0@1
g2-r1-2-w2,g2-r1-2-w2,1,1,
g2-r1-2-w2,g2-r1-2-w0-1,0,0,L=0|D=0@1;0@2|S=0@0
g2-r1-2-w2,g2-r1-2-w1-2,0,0,L=0|D=0@1;0@2|S=0@1
g2-r1-2-w0-1,g1-rnone-wnone,0,0,L=0|D=none|S=none
g2-r1-2-w0-1,g1-rnone-w0,0,0,L=0|D=none|S=none
g2-r1-2-w0-1,g1-rnone-w1,0,0,L=0|D=none|S=none
g2-r1-2-w0-1,g1-rnone-w2,0,0,L=0|D=none|S=none
g2-r1-2-w0-1,g1-r0-wnone,0,0,L=0|D=0@0|S=none
g2-r1-2-w0-1,g1-r0-w0,0,0,L=0|D=0@0|S=none
g2-r1-2-w0-1,g1-r0-w1,0,0,L=0|D=0@0|S=none
g2-r1-2-w0-1,g1-r0-w2,0,0,L=0|D=0@0|S=none
g2-r1-2-w0-1,g1-r1-wnone,0,0,L=0|D=0@1|S=none
g2-r1-2-w0-1,g1-r1-w0,0,0,L=0|D=0@1|S=none
g2-r1-2-w0-1,g1-r1-w1,0,0,L=0|D=0@1|S=none
g2-r1-2-w0-1,g1-r1-w2,0,0,L=0|D=0@1|S=none
g2-r1-2-w0-1,g1-r2-wnone,0,0,L=0|D=0@2|S=none
g2-r1-2-w0-1,g1-r2-w0,0,0,L=0|D=0@2|S=none
g2-r1-2-w0-1,g1-r2-w1,0,0,L=0|D=0@2|S=none
g2-r1-2-w0-1,g1-r2-w2,0,0,L=0|D=0@2|S=none
g2-r1-2-w0-1,g2-rnone-wnone,0,0,L=0|D=none|S=none
g2-r1-2-w0-1,g2-rnone-w0,0,0,L=0|D=none|S=none
g2-r1-2-w0-1,g2-rnone-w1,0,0,L=0|D=none|S=none
g2-r1-2-w0-1,g2-rnone-w2,0,0,L=0|D=none|S=none
g2-r1-2-w0-1,g2-rnone-w0-1,0,0,L=0|D=none|S=none
g2-r1-2-w0-1,g2-rnone-w1-2,0,0,L=0|D=none|S=none
g2-r1-2-w0-1,g2-r0-wnone,0,0,L=0|D=0@0|S=none
g2-r1-2-w0-1,g2-r0-w0,0,0,L=0|D=0@0|S=none
g2-r1-2-w0-1,g2-r0-w1,0,0,L=0|D=0@0|S=none
g2-r1-2-w0-1,g2-r0-w2,0,0,L=0|D=0@0|S=none
g2-r1-2-w0-1,g2-r0-w0-1,0,0,L=0|D=0@0|S=none
g2-r1-2-w0-1,g2-r0-w1-2,0,0,L=0|D=0@0|S=none
g2-r1-2-w0-1,g2-r1-wnone,0,0,L=0|D=0@1|S=none
g2-r1-2-w0-1,g2-r1-w0,0,0,L=0|D=0@1|S=none
g2-r1-2-w0-1,g2-r1-w1,0,0,L=0|D=0@1|S=none
g2-r1-2-w0-1,g2-r1-w2,0,0,L=0|D=0@1|S=none
g2-r1-2-w0-1,g2-r1-w0-1,0,0,L=0|D=0@1|S=none
g2-r1-2-w0-1,g2-r1-w1-2,0,0,L=0|D=0@1|S=none
g2-r1-2-w0-1,g2-r2-wnone,0,0,L=0|D=0@2|S=none
g2-r1-2-w0-1,g2-r2-w0,0,0,L=0|D=0@2|S=none
g2-r1-2-w0-1,g2-r2-w1,0,0,L=0|D=0@2|S=none
g2-r1-2-w0-1,g2-r2-w2,0,0,L=0|D=0@2|S=none
g2-r1-2-w0-1,g2-r2-w0-1,0,0,L=0|D=0@2|S=none
g2-r1-2-w0-1,g2-r2-w1-2,0,0,L=0|D=0@2|S=none
g2-r1-2-w0-1,g2-r0-1-wnone,0,0,L=0|D=0@0;0@1|S=none
g2-r1-2-w0-1,g2-r0-1-w0,0,0,L=0|D=0@0;0@1|S=none
g2-r1-2-w0-1,g2-r0-1-w1,0,0,L=0|D=0@0;0@1|S=none
g2-r1-2-w0-1,g2-r0-1-w2,0,0,L=0|D=0@0;0@1|S=none
g2-r1-2-w0-1,g2-r0-1-w0-1,0,0,L=0|D=0@0;0@1|S=none
g2-r1-2-w0-1,g2-r0-1-w1-2,0,0,L=0|D=0@0;0@1|S=none
g2-r1-2-w0-1,g2-r1-2-wnone,1,1,
g2-r1-2-w0-1,g2-r1-2-w0,1,1,
g2-r1-2-w0-1,g2-r1-2-w1,1,1,
g2-r1-2-w0-1,g2-r1-2-w2,0,0,L=0|D=0@1;0@2|S=0@2
g2-r1-2-w0-1,g2-r1-2-w0-1,1,1,
g2-r1-2-w0-1,g2-r1-2-w1-2,0,0,L=0|D=0@1;0@2|S=0@2
g2-r1-2-w1-2,g1-rnone-wnone,0,0,L=0|D=none|S=none
g2-r1-2-w1-2,g1-rnone-w0,0,0,L=0|D=none|S=none
g2-r1-2-w1-2,g1-rnone-w1,0,0,L=0|D=none|S=none
g2-r1-2-w1-2,g1-rnone-w2,0,0,L=0|D=none|S=none
g2-r1-2-w1-2,g1-r0-wnone,0,0,L=0|D=0@0|S=none
g2-r1-2-w1-2,g1-r0-w0,0,0,L=0|D=0@0|S=none
g2-r1-2-w1-2,g1-r0-w1,0,0,L=0|D=0@0|S=none
g2-r1-2-w1-2,g1-r0-w2,0,0,L=0|D=0@0|S=none
g2-r1-2-w1-2,g1-r1-wnone,0,0,L=0|D=0@1|S=none
g2-r1-2-w1-2,g1-r1-w0,0,0,L=0|D=0@1|S=none
g2-r1-2-w1-2,g1-r1-w1,0,0,L=0|D=0@1|S=none
g2-r1-2-w1-2,g1-r1-w2,0,0,L=0|D=0@1|S=none
g2-r1-2-w1-2,g1-r2-wnone,0,0,L=0|D=0@2|S=none
g2-r1-2-w1-2,g1-r2-w0,0,0,L=0|D=0@2|S=none
g2-r1-2-w1-2,g1-r2-w1,0,0,L=0|D=0@2|S=none
g2-r1-2-w1-2,g1-r2-w2,0,0,L=0|D=0@2|S=none
g2-r1-2-w1-2,g2-rnone-wnone,0,0,L=0|D=none|S=none
g2-r1-2-w1-2,g2-rnone-w0,0,0,L=0|D=none|S=none
g2-r1-2-w1-2,g2-rnone-w1,0,0,L=0|D=none|S=none
g2-r1-2-w1-2,g2-rnone-w2,0,0,L=0|D=none|S=none
g2-r1-2-w1-2,g2-rnone-w0-1,0,0,L=0|D=none|S=none
g2-r1-2-w1-2,g2-rnone-w1-2,0,0,L=0|D=none|S=none
g2-r1-2-w1-2,g2-r0-wnone,0,0,L=0|D=0@0|S=none
g2-r1-2-w1-2,g2-r0-w0,0,0,L=0|D=0@0|S=none
g2-r1-2-w1-2,g2-r0-w1,0,0,L=0|D=0@0|S=none
g2-r1-2-w1-2,g2-r0-w2,0,0,L=0|D=0@0|S=none
g2-r1-2-w1-2,g2-r0-w0-1,0,0,L=0|D=0@0|S=none
g2-r1-2-w1-2,g2-r0-w1-2,0,0,L=0|D=0@0|S=none
g2-r1-2-w1-2,g2-r1-wnone,0,0,L=0|D=0@1|S=none
g2-r1-2-w1-2,g2-r1-w0,0,0,L=0|D=0@1|S=none
g2-r1-2-w1-2,g2-r1-w1,0,0,L=0|D=0@1|S=none
g2-r1-2-w1-2,g2-r1-w2,0,0,L=0|D=0@1|S=none
g2-r1-2-w1-2,g2-r1-w0-1,0,0,L=0|D=0@1|S=none
g2-r1-2-w1-2,g2-r1-w1-2,0,0,L=0|D=0@1|S=none
g2-r1-2-w1-2,g2-r2-wnone,0,0,L=0|D=0@2|S=none
g2-r1-2-w1-2,g2-r2-w0,0,0,L=0|D=0@2|S=none
g2-r1-2-w1-2,g2-r2-w1,0,0,L=0|D=0@2|S=none
g2-r1-2-w1-2,g2-r2-w2,0,0,L=0|D=0@2|S=none
g2-r1-2-w1-2,g2-r2-w0-1,0,0,L=0|D=0@2|S=none
g2-r1-2-w1-2,g2-r2-w1-2,0,0,L=0|D=0@2|S=none
g2-r1-2-w1-2,g2-r0-1-wnone,0,0,L=0|D=0@0;0@1|S=none
g2-r1-2-w1-2,g2-r0-1-w0,0,0,L=0|D=0@0;0@1|S=none
g2-r1-2-w1-2,g2-r0-1-w1,0,0,L=0|D=0@0;0@1|S=none
g2-r1-2-w1-2,g2-r0-1-w2,0,0,L=0|D=0@0;0@1|S=none
g2-r1-2-w1-2,g2-r0-1-w0-1,0,0,L=0|D=0@0;0@1|S=none
g2-r1-2-w1-2,g2-r0-1-w1-2,0,0,L=0|D=0@0;0@1|S=none
g2-r1-2-w1-2,g2-r1-2-wnone,1,1,
g2-r1-2-w1-2,g2-r1-2-w0,0,0,L=0|D=0@1;0@2|S=0@0
g2-r1-2-w1-2,g2-r1-2-w1,1,1,
g2-r1-2-w1-2,g2-r1-2-w2,1,1,
g2-r1-2-w1-2,g2-r1-2-w0-1,0,0,L=0|D=0@1;0@2|S=0@0
g2-r1-2-w1-2,g2-r1-2-w1-2,1,1,
